sample_id,file_name,file_path,file_size_bytes,date,start_time,end_time,orbit_id,scan_size,ray_size,z_size,variable_count,variables,missing_key_variables,has_p,has_t,has_q,latitude_min,latitude_max,longitude_min,longitude_max,total_voxel_count,gr_sparse_valid_count,gr_sparse_valid_ratio,gr_interp_valid_count,gr_interp_valid_ratio,gr_profiles_with_observation,gr_below_9dbz_count,dpr_dbz_valid_count,dpr_dbz_valid_ratio,pre_valid_count,pre_missing_count,pre_zero_count,pre_positive_count,pre_zero_ratio,pre_qc_valid_count,pre_qc_zero_count,pre_qc_positive_count,gr_dpr_overlap_count,gr_valid_pre_positive_count,gr_missing_pre_positive_count,gr_missing_interp_valid_count,pre_p50_positive,pre_p90_positive,pre_p95_positive,pre_p99_positive,pre_max,pre_gt_1_count,pre_gt_5_count,pre_gt_10_count,pre_gt_20_count,pre_gt_50_count,no_precip_profile_count,stratiform_profile_count,convective_profile_count,other_precip_profile_count,cfb_valid_profile_count,cfb_invalid_profile_count,cfb_clutter_cell_count,dpr_mask_equals_positive_rain,dpr_valid_pre_zero_count,dpr_missing_pre_positive_count,status,warning_count,warning_messages,split
2A.GPM.DPR.V9-20211125.20170505-S070010-E083244.018088.V07A,2A.GPM.DPR.V9-20211125.20170505-S070010-E083244.018088.V07A.nc,/storage/GR_DPR_3D/GRToDPRRes_V07_Pct_V1.2.1_sw_260412/2A.GPM.DPR.V9-20211125.20170505-S070010-E083244.018088.V07A.nc,25272460,2017-05-05,2017-05-05T07:31:19,2017-05-05T07:32:26,018088,97,49,60,23,"z,p,t,q,lat,lon,dbz_gr_sparse,dbz_gr_sparse_min,dbz_gr_sparse_max,dbz_gr_interp,sw_gr_sparse,sw_gr_sparse_min,sw_gr_sparse_max,dbz_dpr,pre_dpr,cfb,scan_id,time,nsrr_dpr,srr_dpr,binRealSurface,typePrecip,flagPrecip",,True,True,True,27.59146499633789,32.465675354003906,102.62959289550781,107.0743637084961,285180,1357,0.004758398204642682,11274,0.03953292657269093,837,412,15949,0.05592608177291535,275221,9959,259272,15949,0.9420502069246169,247114,236397,10717,383,383,15566,9917,0.5299999713897705,1.5700000524520874,2.0480000019073414,4.601199913024929,13.979999542236328,3629,145,35,0,0,3583,829,311,30,4753,0,38066,True,0,0,ok,0,,test
2A.GPM.DPR.V9-20211125.20170505-S144306-E161540.018093.V07A,2A.GPM.DPR.V9-20211125.20170505-S144306-E161540.018093.V07A.nc,/storage/GR_DPR_3D/GRToDPRRes_V07_Pct_V1.2.1_sw_260412/2A.GPM.DPR.V9-20211125.20170505-S144306-E161540.018093.V07A.nc,32823071,2017-05-05,2017-05-05T15:40:35,2017-05-05T15:42:03,018093,126,49,60,23,"z,p,t,q,lat,lon,dbz_gr_sparse,dbz_gr_sparse_min,dbz_gr_sparse_max,dbz_gr_interp,sw_gr_sparse,sw_gr_sparse_min,sw_gr_sparse_max,dbz_dpr,pre_dpr,cfb,scan_id,time,nsrr_dpr,srr_dpr,binRealSurface,typePrecip,flagPrecip",,True,True,True,35.829551696777344,41.86741638183594,120.44479370117188,126.43047332763672,370440,189,0.0005102040816326531,895,0.002416045783392722,94,122,0,0.0,369665,775,369665,0,1.0,335379,335379,0,0,0,0,706,,,,,,0,0,0,0,0,6174,0,0,0,6174,0,35061,True,0,0,ok,0,,test
2A.GPM.DPR.V9-20211125.20170505-S161541-E174815.018094.V07A,2A.GPM.DPR.V9-20211125.20170505-S161541-E174815.018094.V07A.nc,/storage/GR_DPR_3D/GRToDPRRes_V07_Pct_V1.2.1_sw_260412/2A.GPM.DPR.V9-20211125.20170505-S161541-E174815.018094.V07A.nc,81499729,2017-05-05,2017-05-05T17:16:14,2017-05-05T17:19:52,018094,313,49,60,23,"z,p,t,q,lat,lon,dbz_gr_sparse,dbz_gr_sparse_min,dbz_gr_sparse_max,dbz_gr_interp,sw_gr_sparse,sw_gr_sparse_min,sw_gr_sparse_max,dbz_dpr,pre_dpr,cfb,scan_id,time,nsrr_dpr,srr_dpr,binRealSurface,typePrecip,flagPrecip",,True,True,True,17.996557235717773,31.653247833251953,104.06602478027344,112.61792755126953,920220,23158,0.025165721240572907,74470,0.08092630023255308,6304,7557,51327,0.055776879441872595,899602,20618,848275,51327,0.9429447689089175,812867,775666,37201,8909,8909,42418,51312,0.7350000143051147,3.1219999313354565,4.7784996986389014,11.375,44.04499816894531,20196,2373,698,79,0,12441,2125,565,206,15337,0,107353,True,0,0,ok,0,,test
2A.GPM.DPR.V9-20211125.20170517-S025540-E042814.018272.V07A,2A.GPM.DPR.V9-20211125.20170517-S025540-E042814.018272.V07A.nc,/storage/GR_DPR_3D/GRToDPRRes_V07_Pct_V1.2.1_sw_260412/2A.GPM.DPR.V9-20211125.20170517-S025540-E042814.018272.V07A.nc,165838225,2017-05-17,2017-05-17T03:23:46,2017-05-17T03:31:11,018272,637,49,60,23,"z,p,t,q,lat,lon,dbz_gr_sparse,dbz_gr_sparse_min,dbz_gr_sparse_max,dbz_gr_interp,sw_gr_sparse,sw_gr_sparse_min,sw_gr_sparse_max,dbz_dpr,pre_dpr,cfb,scan_id,time,nsrr_dpr,srr_dpr,binRealSurface,typePrecip,flagPrecip",,True,True,True,17.029722213745117,43.323211669921875,106.83756256103516,124.08955383300781,1872780,11601,0.006194534328645116,36529,0.019505227522720235,6129,6092,3723,0.0019879537372248742,1861387,11393,1857664,3723,0.9979998785851626,1690600,1688146,2454,1097,1097,2626,24928,0.3449999988079071,1.324000024795533,2.219500041007994,3.545599956512446,33.17499923706055,540,10,1,1,0,30763,53,310,87,31213,0,182180,True,0,0,ok,0,,test
2A.GPM.DPR.V9-20211125.20170517-S121109-E134343.018278.V07A,2A.GPM.DPR.V9-20211125.20170517-S121109-E134343.018278.V07A.nc,/storage/GR_DPR_3D/GRToDPRRes_V07_Pct_V1.2.1_sw_260412/2A.GPM.DPR.V9-20211125.20170517-S121109-E134343.018278.V07A.nc,91130977,2017-05-17,2017-05-17T13:10:11,2017-05-17T13:14:15,018278,350,49,60,23,"z,p,t,q,lat,lon,dbz_gr_sparse,dbz_gr_sparse_min,dbz_gr_sparse_max,dbz_gr_interp,sw_gr_sparse,sw_gr_sparse_min,sw_gr_sparse_max,dbz_dpr,pre_dpr,cfb,scan_id,time,nsrr_dpr,srr_dpr,binRealSurface,typePrecip,flagPrecip",,True,True,True,21.777198791503906,36.71840286254883,110.05979919433594,120.1670913696289,1029000,33025,0.032094266277939744,86285,0.08385325558794947,9843,6911,154,0.00014965986394557823,1013814,15186,1013660,154,0.9998480983691288,916198,916120,78,34,34,120,53260,1.3200000524520874,2.698000049591065,3.245500040054321,4.5723500919342035,5.425000190734863,89,1,0,0,0,17136,2,11,1,17150,0,112802,True,0,0,ok,0,,test
2A.GPM.DPR.V9-20211125.20170522-S014422-E031656.018349.V07A,2A.GPM.DPR.V9-20211125.20170522-S014422-E031656.018349.V07A.nc,/storage/GR_DPR_3D/GRToDPRRes_V07_Pct_V1.2.1_sw_260412/2A.GPM.DPR.V9-20211125.20170522-S014422-E031656.018349.V07A.nc,142410865,2017-05-22,2017-05-22T02:13:24,2017-05-22T02:19:46,018349,547,49,60,23,"z,p,t,q,lat,lon,dbz_gr_sparse,dbz_gr_sparse_min,dbz_gr_sparse_max,dbz_gr_interp,sw_gr_sparse,sw_gr_sparse_min,sw_gr_sparse_max,dbz_dpr,pre_dpr,cfb,scan_id,time,nsrr_dpr,srr_dpr,binRealSurface,typePrecip,flagPrecip",,True,True,True,20.303150177001953,42.96602249145508,104.42635345458984,119.89445495605469,1608180,27752,0.017256774739146115,92093,0.057265355868124215,6555,4669,83735,0.05206817644791006,1560049,48131,1476314,83735,0.9463254038815447,1406090,1344590,61500,19495,19495,64240,64341,0.949999988079071,4.909999847412109,7.771500349044814,16.441500244140713,77.41999816894531,40237,8132,2677,540,24,22486,3771,471,75,26803,0,202090,True,0,0,ok,0,,test
2A.GPM.DPR.V9-20211125.20170522-S105950-E123224.018355.V07A,2A.GPM.DPR.V9-20211125.20170522-S105950-E123224.018355.V07A.nc,/storage/GR_DPR_3D/GRToDPRRes_V07_Pct_V1.2.1_sw_260412/2A.GPM.DPR.V9-20211125.20170522-S105950-E123224.018355.V07A.nc,85143985,2017-05-22,2017-05-22T11:59:33,2017-05-22T12:03:22,018355,327,49,60,23,"z,p,t,q,lat,lon,dbz_gr_sparse,dbz_gr_sparse_min,dbz_gr_sparse_max,dbz_gr_interp,sw_gr_sparse,sw_gr_sparse_min,sw_gr_sparse_max,dbz_dpr,pre_dpr,cfb,scan_id,time,nsrr_dpr,srr_dpr,binRealSurface,typePrecip,flagPrecip",,True,True,True,20.324668884277344,34.40631103515625,107.70355987548828,116.96465301513672,961380,49561,0.05155193575901309,124891,0.1299080488464499,7614,8396,98341,0.10229149763881087,939011,22369,840670,98341,0.8952717273812554,844121,769534,74587,34091,34091,64250,75330,0.7900000214576721,3.6399998664855957,5.900000095367432,16.267000198364375,85.5,40716,6269,2298,624,48,11635,3577,533,278,16023,0,117259,True,0,0,ok,0,,test
2A.GPM.DPR.V9-20211125.20170524-S013418-E030652.018380.V07A,2A.GPM.DPR.V9-20211125.20170524-S013418-E030652.018380.V07A.nc,/storage/GR_DPR_3D/GRToDPRRes_V07_Pct_V1.2.1_sw_260412/2A.GPM.DPR.V9-20211125.20170524-S013418-E030652.018380.V07A.nc,25532748,2017-05-24,2017-05-24T02:05:33,2017-05-24T02:06:41,018380,98,49,60,23,"z,p,t,q,lat,lon,dbz_gr_sparse,dbz_gr_sparse_min,dbz_gr_sparse_max,dbz_gr_interp,sw_gr_sparse,sw_gr_sparse_min,sw_gr_sparse_max,dbz_dpr,pre_dpr,cfb,scan_id,time,nsrr_dpr,srr_dpr,binRealSurface,typePrecip,flagPrecip",,True,True,True,27.91117286682129,32.89670181274414,101.99078369140625,106.43756866455078,288120,241,0.0008364570317923088,3820,0.013258364570317923,166,40,7467,0.025916284881299458,269919,18201,262452,7467,0.9723361452880308,240225,234157,6068,85,85,7382,3579,0.36500000953674316,0.9900000095367432,1.3050000309944152,2.836999917030342,14.03499984741211,728,15,1,0,0,4121,188,55,438,4802,0,47895,True,0,0,ok,0,,test
2A.GPM.DPR.V9-20211125.20170524-S091712-E104945.018385.V07A,2A.GPM.DPR.V9-20211125.20170524-S091712-E104945.018385.V07A.nc,/storage/GR_DPR_3D/GRToDPRRes_V07_Pct_V1.2.1_sw_260412/2A.GPM.DPR.V9-20211125.20170524-S091712-E104945.018385.V07A.nc,44536031,2017-05-24,2017-05-24T10:14:16,2017-05-24T10:16:15,018385,171,49,60,23,"z,p,t,q,lat,lon,dbz_gr_sparse,dbz_gr_sparse_min,dbz_gr_sparse_max,dbz_gr_interp,sw_gr_sparse,sw_gr_sparse_min,sw_gr_sparse_max,dbz_dpr,pre_dpr,cfb,scan_id,time,nsrr_dpr,srr_dpr,binRealSurface,typePrecip,flagPrecip",,True,True,True,35.48847961425781,43.162113189697266,118.43359375,125.84955596923828,502740,1253,0.0024923419660261765,6506,0.012941082865894895,837,597,417,0.0008294545888530851,499091,3649,498674,417,0.9991644810265062,452919,452559,360,38,38,379,5253,0.3100000023841858,0.6799999713897705,0.7970000028610228,1.1160000085830681,1.4500000476837158,8,0,0,0,0,8336,7,0,36,8379,0,49821,True,0,0,ok,0,,test
2A.GPM.DPR.V9-20211125.20170524-S104946-E122220.018386.V07A,2A.GPM.DPR.V9-20211125.20170524-S104946-E122220.018386.V07A.nc,/storage/GR_DPR_3D/GRToDPRRes_V07_Pct_V1.2.1_sw_260412/2A.GPM.DPR.V9-20211125.20170524-S104946-E122220.018386.V07A.nc,81760033,2017-05-24,2017-05-24T11:50:25,2017-05-24T11:54:04,018386,314,49,60,23,"z,p,t,q,lat,lon,dbz_gr_sparse,dbz_gr_sparse_min,dbz_gr_sparse_max,dbz_gr_interp,sw_gr_sparse,sw_gr_sparse_min,sw_gr_sparse_max,dbz_dpr,pre_dpr,cfb,scan_id,time,nsrr_dpr,srr_dpr,binRealSurface,typePrecip,flagPrecip",,True,True,True,17.650419235229492,31.279306411743164,103.38375854492188,111.9493179321289,923160,14068,0.015238961826768925,49469,0.053586593873218076,2913,2403,36553,0.03959551973655704,900173,22987,863620,36553,0.9593933610539307,812915,781271,31644,9572,9572,26981,35401,0.7350000143051147,4.699999809265137,9.0,37.68000030517578,299.9200134277344,14129,3451,1654,765,193,13952,571,336,527,15386,0,110245,True,0,0,ok,0,,test
2A.GPM.DPR.V9-20211125.20170528-S085659-E102933.018447.V07A,2A.GPM.DPR.V9-20211125.20170528-S085659-E102933.018447.V07A.nc,/storage/GR_DPR_3D/GRToDPRRes_V07_Pct_V1.2.1_sw_260412/2A.GPM.DPR.V9-20211125.20170528-S085659-E102933.018447.V07A.nc,91391281,2017-05-28,2017-05-28T09:55:54,2017-05-28T09:59:59,018447,351,49,60,23,"z,p,t,q,lat,lon,dbz_gr_sparse,dbz_gr_sparse_min,dbz_gr_sparse_max,dbz_gr_interp,sw_gr_sparse,sw_gr_sparse_min,sw_gr_sparse_max,dbz_dpr,pre_dpr,cfb,scan_id,time,nsrr_dpr,srr_dpr,binRealSurface,typePrecip,flagPrecip",,True,True,True,22.131855010986328,37.09946060180664,110.6868667602539,120.88916015625,1031940,3633,0.0035205535205535205,15089,0.01462197414578367,2265,1824,448,0.0004341337674671008,1016798,15142,1016350,448,0.9995594011789952,919044,918700,344,40,40,408,11456,0.4599999785423279,0.8580000162124635,1.023249977827072,1.162650020122528,1.3550000190734863,25,0,0,0,0,17163,16,5,15,17199,0,112896,True,0,0,ok,0,,test
2A.GPM.DPR.V9-20211125.20170528-S225010-E002243.018456.V07A,2A.GPM.DPR.V9-20211125.20170528-S225010-E002243.018456.V07A.nc,/storage/GR_DPR_3D/GRToDPRRes_V07_Pct_V1.2.1_sw_260412/2A.GPM.DPR.V9-20211125.20170528-S225010-E002243.018456.V07A.nc,78115777,2017-05-28,2017-05-28T23:19:02,2017-05-28T23:22:32,018456,300,49,60,23,"z,p,t,q,lat,lon,dbz_gr_sparse,dbz_gr_sparse_min,dbz_gr_sparse_max,dbz_gr_interp,sw_gr_sparse,sw_gr_sparse_min,sw_gr_sparse_max,dbz_dpr,pre_dpr,cfb,scan_id,time,nsrr_dpr,srr_dpr,binRealSurface,typePrecip,flagPrecip",,True,True,True,19.757675170898438,32.8629264831543,117.55574035644531,126.02059173583984,882000,662,0.0007505668934240363,3817,0.004327664399092971,355,323,3595,0.0040759637188208615,877333,4667,873738,3595,0.9959023540662439,795209,792851,2358,0,0,3595,3155,0.5400000214576721,3.048000001907348,4.852999973297116,13.488699779510464,27.709999084472656,971,168,49,13,0,14469,71,156,4,14700,0,86791,True,0,0,ok,0,,test
2A.GPM.DPR.V9-20211125.20170530-S071415-E084648.018477.V07A,2A.GPM.DPR.V9-20211125.20170530-S071415-E084648.018477.V07A.nc,/storage/GR_DPR_3D/GRToDPRRes_V07_Pct_V1.2.1_sw_260412/2A.GPM.DPR.V9-20211125.20170530-S071415-E084648.018477.V07A.nc,22409292,2017-05-30,2017-05-30T08:10:58,2017-05-30T08:11:57,018477,86,49,60,23,"z,p,t,q,lat,lon,dbz_gr_sparse,dbz_gr_sparse_min,dbz_gr_sparse_max,dbz_gr_interp,sw_gr_sparse,sw_gr_sparse_min,sw_gr_sparse_max,dbz_dpr,pre_dpr,cfb,scan_id,time,nsrr_dpr,srr_dpr,binRealSurface,typePrecip,flagPrecip",,True,True,True,39.83391571044922,44.26813507080078,122.25,127.48654174804688,252840,0,0.0,0,0.0,0,0,330,0.0013051732320835312,247613,5227,247283,330,0.998667275143066,223325,223044,281,0,0,330,0,0.2800000011920929,0.4355000019073487,0.4905000090599061,0.6735500133037566,1.8899999856948853,1,0,0,0,0,4174,9,1,30,4214,0,29515,True,0,0,ok,0,,test
2A.GPM.DPR.V9-20211125.20170530-S084649-E101922.018478.V07A,2A.GPM.DPR.V9-20211125.20170530-S084649-E101922.018478.V07A.nc,/storage/GR_DPR_3D/GRToDPRRes_V07_Pct_V1.2.1_sw_260412/2A.GPM.DPR.V9-20211125.20170530-S084649-E101922.018478.V07A.nc,84363073,2017-05-30,2017-05-30T09:46:40,2017-05-30T09:50:27,018478,324,49,60,23,"z,p,t,q,lat,lon,dbz_gr_sparse,dbz_gr_sparse_min,dbz_gr_sparse_max,dbz_gr_interp,sw_gr_sparse,sw_gr_sparse_min,sw_gr_sparse_max,dbz_dpr,pre_dpr,cfb,scan_id,time,nsrr_dpr,srr_dpr,binRealSurface,typePrecip,flagPrecip",,True,True,True,19.935205459594727,33.90807342529297,106.59066772460938,115.71695709228516,952560,2396,0.002515327118501722,11032,0.011581422692533804,1365,1197,550,0.0005773914504073234,926835,25725,926285,550,0.9994065826171864,831477,830965,512,127,127,423,8636,0.33000001311302185,0.5904999792575837,0.7427500069141386,1.4760499668121305,17.985000610351562,17,2,2,0,0,15794,4,7,71,15876,0,121083,True,0,0,ok,0,,test
2A.GPM.DPR.V9-20211125.20170530-S223959-E001232.018487.V07A,2A.GPM.DPR.V9-20211125.20170530-S223959-E001232.018487.V07A.nc,/storage/GR_DPR_3D/GRToDPRRes_V07_Pct_V1.2.1_sw_260412/2A.GPM.DPR.V9-20211125.20170530-S223959-E001232.018487.V07A.nc,165838225,2017-05-30,2017-05-30T23:07:42,2017-05-30T23:15:07,018487,637,49,60,23,"z,p,t,q,lat,lon,dbz_gr_sparse,dbz_gr_sparse_min,dbz_gr_sparse_max,dbz_gr_interp,sw_gr_sparse,sw_gr_sparse_min,sw_gr_sparse_max,dbz_dpr,pre_dpr,cfb,scan_id,time,nsrr_dpr,srr_dpr,binRealSurface,typePrecip,flagPrecip",,True,True,True,15.698758125305176,42.09440994262695,109.55599212646484,126.3435287475586,1872780,21598,0.011532587917427568,53061,0.028332745971229936,6914,7737,14836,0.0079219128781811,1862029,10751,1847193,14836,0.9920323475090882,1691878,1680286,11592,6011,6011,8825,31463,0.5,2.059999942779541,3.1362499594688416,7.407750129699695,23.489999771118164,3785,314,70,4,0,30181,405,322,305,31213,0,180902,True,0,0,ok,0,,test
2A.GPM.DPR.V9-20211125.20170601-S070348-E083621.018508.V07A,2A.GPM.DPR.V9-20211125.20170601-S070348-E083621.018508.V07A.nc,/storage/GR_DPR_3D/GRToDPRRes_V07_Pct_V1.2.1_sw_260412/2A.GPM.DPR.V9-20211125.20170601-S070348-E083621.018508.V07A.nc,50782943,2017-06-01,2017-06-01T08:00:45,2017-06-01T08:03:01,018508,195,49,60,23,"z,p,t,q,lat,lon,dbz_gr_sparse,dbz_gr_sparse_min,dbz_gr_sparse_max,dbz_gr_interp,sw_gr_sparse,sw_gr_sparse_min,sw_gr_sparse_max,dbz_dpr,pre_dpr,cfb,scan_id,time,nsrr_dpr,srr_dpr,binRealSurface,typePrecip,flagPrecip",,True,True,True,34.94589614868164,43.531951904296875,116.77867126464844,124.87191009521484,573300,1376,0.0024001395429966857,5195,0.009061573347287633,735,807,130,0.00022675736961451248,564972,8328,564842,130,0.999769900101244,511757,511631,126,0,0,130,3819,0.30000001192092896,0.45199998915195483,0.5159999847412109,0.636149972081184,0.8050000071525574,0,0,0,0,0,9530,0,0,25,9555,0,61543,True,0,0,ok,0,,test
2A.GPM.DPR.V9-20211125.20170601-S083622-E100854.018509.V07A,2A.GPM.DPR.V9-20211125.20170601-S083622-E100854.018509.V07A.nc,/storage/GR_DPR_3D/GRToDPRRes_V07_Pct_V1.2.1_sw_260412/2A.GPM.DPR.V9-20211125.20170601-S083622-E100854.018509.V07A.nc,81760033,2017-06-01,2017-06-01T09:37:08,2017-06-01T09:40:47,018509,314,49,60,23,"z,p,t,q,lat,lon,dbz_gr_sparse,dbz_gr_sparse_min,dbz_gr_sparse_max,dbz_gr_interp,sw_gr_sparse,sw_gr_sparse_min,sw_gr_sparse_max,dbz_dpr,pre_dpr,cfb,scan_id,time,nsrr_dpr,srr_dpr,binRealSurface,typePrecip,flagPrecip",,True,True,True,17.142179489135742,30.782390594482422,102.34674835205078,110.84140014648438,923160,2901,0.003142467177953984,12626,0.013676935742449846,1485,1073,5641,0.006110533385328654,889121,34039,883480,5641,0.993655531699285,800220,795710,4510,674,674,4967,9725,1.125,8.125,15.430000305175781,42.927998352050935,79.33499908447266,2996,961,473,224,38,15188,68,108,22,15386,0,122940,True,0,0,ok,0,,test
2A.GPM.DPR.V9-20211125.20170601-S222920-E000152.018518.V07A,2A.GPM.DPR.V9-20211125.20170601-S222920-E000152.018518.V07A.nc,/storage/GR_DPR_3D/GRToDPRRes_V07_Pct_V1.2.1_sw_260412/2A.GPM.DPR.V9-20211125.20170601-S222920-E000152.018518.V07A.nc,165838225,2017-06-01,2017-06-01T22:57:45,2017-06-01T23:05:10,018518,637,49,60,23,"z,p,t,q,lat,lon,dbz_gr_sparse,dbz_gr_sparse_min,dbz_gr_sparse_max,dbz_gr_interp,sw_gr_sparse,sw_gr_sparse_min,sw_gr_sparse_max,dbz_dpr,pre_dpr,cfb,scan_id,time,nsrr_dpr,srr_dpr,binRealSurface,typePrecip,flagPrecip",,True,True,True,18.18129539489746,44.3836669921875,104.56797790527344,122.24927520751953,1872780,32939,0.017588291203451553,103664,0.05535300462414165,9316,8671,113662,0.06069159217847264,1843056,29724,1729394,113662,0.9383296004028092,1669538,1581256,88282,15825,15825,97837,70725,0.675000011920929,2.305000066757202,3.430000066757202,6.4669500112533544,40.07499694824219,38475,2372,245,19,0,25697,4268,424,824,31213,0,203242,True,0,0,ok,0,,test
2A.GPM.DPR.V9-20211125.20170609-S044735-E062008.018631.V07A,2A.GPM.DPR.V9-20211125.20170609-S044735-E062008.018631.V07A.nc,/storage/GR_DPR_3D/GRToDPRRes_V07_Pct_V1.2.1_sw_260412/2A.GPM.DPR.V9-20211125.20170609-S044735-E062008.018631.V07A.nc,50782943,2017-06-09,2017-06-09T05:44:36,2017-06-09T05:46:52,018631,195,49,60,23,"z,p,t,q,lat,lon,dbz_gr_sparse,dbz_gr_sparse_min,dbz_gr_sparse_max,dbz_gr_interp,sw_gr_sparse,sw_gr_sparse_min,sw_gr_sparse_max,dbz_dpr,pre_dpr,cfb,scan_id,time,nsrr_dpr,srr_dpr,binRealSurface,typePrecip,flagPrecip",,True,True,True,34.707576751708984,43.30021667480469,116.34439086914062,124.39232635498047,573300,1951,0.00340310483167626,6370,0.011111111111111112,1005,1139,0,0.0,564378,8922,564378,0,1.0,510955,510955,0,0,0,0,4419,,,,,,0,0,0,0,0,9555,0,0,0,9555,0,62345,True,0,0,ok,0,,test
2A.GPM.DPR.V9-20211125.20170609-S062009-E075240.018632.V07A,2A.GPM.DPR.V9-20211125.20170609-S062009-E075240.018632.V07A.nc,/storage/GR_DPR_3D/GRToDPRRes_V07_Pct_V1.2.1_sw_260412/2A.GPM.DPR.V9-20211125.20170609-S062009-E075240.018632.V07A.nc,81760033,2017-06-09,2017-06-09T07:20:58,2017-06-09T07:24:37,018632,314,49,60,23,"z,p,t,q,lat,lon,dbz_gr_sparse,dbz_gr_sparse_min,dbz_gr_sparse_max,dbz_gr_interp,sw_gr_sparse,sw_gr_sparse_min,sw_gr_sparse_max,dbz_dpr,pre_dpr,cfb,scan_id,time,nsrr_dpr,srr_dpr,binRealSurface,typePrecip,flagPrecip",,True,True,True,16.922229766845703,30.56637954711914,101.83453369140625,110.30266571044922,923160,18953,0.020530568915464276,60381,0.0654068633822956,2637,2462,43311,0.04691602755751982,880597,42563,837286,43311,0.9508163212002766,791170,754778,36392,13932,13932,29379,41428,0.5600000023841858,2.5199999809265137,4.105000019073486,10.649499702453621,195.3000030517578,12536,1701,511,120,21,13391,891,539,565,15386,0,131990,True,0,0,ok,0,,test
2A.GPM.DPR.V9-20211125.20170609-S201305-E214537.018641.V07A,2A.GPM.DPR.V9-20211125.20170609-S201305-E214537.018641.V07A.nc,/storage/GR_DPR_3D/GRToDPRRes_V07_Pct_V1.2.1_sw_260412/2A.GPM.DPR.V9-20211125.20170609-S201305-E214537.018641.V07A.nc,155426065,2017-06-09,2017-06-09T20:42:03,2017-06-09T20:49:00,018641,597,49,60,23,"z,p,t,q,lat,lon,dbz_gr_sparse,dbz_gr_sparse_min,dbz_gr_sparse_max,dbz_gr_interp,sw_gr_sparse,sw_gr_sparse_min,sw_gr_sparse_max,dbz_dpr,pre_dpr,cfb,scan_id,time,nsrr_dpr,srr_dpr,binRealSurface,typePrecip,flagPrecip",,True,True,True,20.082759857177734,44.637725830078125,104.80242919921875,121.85240173339844,1755180,78001,0.04444045624950148,154431,0.08798584760537381,9091,9433,122801,0.06996490388450187,1713569,41611,1590768,122801,0.9283361218602811,1549329,1451103,98226,61524,61524,61277,76430,0.8450000286102295,4.755000114440918,7.875,19.990001678466797,117.30000305175781,54186,11574,4153,1225,194,23785,3083,1595,790,29253,0,205851,True,0,0,ok,0,,test
2A.GPM.DPR.V9-20211125.20170611-S043637-E060909.018662.V07A,2A.GPM.DPR.V9-20211125.20170611-S043637-E060909.018662.V07A.nc,/storage/GR_DPR_3D/GRToDPRRes_V07_Pct_V1.2.1_sw_260412/2A.GPM.DPR.V9-20211125.20170611-S043637-E060909.018662.V07A.nc,100501921,2017-06-11,2017-06-11T05:34:17,2017-06-11T05:38:47,018662,386,49,60,23,"z,p,t,q,lat,lon,dbz_gr_sparse,dbz_gr_sparse_min,dbz_gr_sparse_max,dbz_gr_interp,sw_gr_sparse,sw_gr_sparse_min,sw_gr_sparse_max,dbz_dpr,pre_dpr,cfb,scan_id,time,nsrr_dpr,srr_dpr,binRealSurface,typePrecip,flagPrecip",,True,True,True,24.95595359802246,41.160221099853516,112.13045501708984,123.96110534667969,1134840,46799,0.04123841246343097,87512,0.07711395439004617,5334,6351,75706,0.06671072574107363,1121798,13042,1046092,75706,0.9325136967618056,1017528,954700,62828,36427,36427,39279,40713,1.0324999690055847,5.305000305175781,8.300000190734863,23.788750839233327,299.2699890136719,38581,8270,2796,979,280,16077,1890,546,401,18914,0,117312,True,0,0,ok,0,,test
2A.GPM.DPR.V9-20211125.20170611-S200206-E213438.018672.V07A,2A.GPM.DPR.V9-20211125.20170611-S200206-E213438.018672.V07A.nc,/storage/GR_DPR_3D/GRToDPRRes_V07_Pct_V1.2.1_sw_260412/2A.GPM.DPR.V9-20211125.20170611-S200206-E213438.018672.V07A.nc,25272460,2017-06-11,2017-06-11T20:33:16,2017-06-11T20:34:23,018672,97,49,60,23,"z,p,t,q,lat,lon,dbz_gr_sparse,dbz_gr_sparse_min,dbz_gr_sparse_max,dbz_gr_interp,sw_gr_sparse,sw_gr_sparse_min,sw_gr_sparse_max,dbz_dpr,pre_dpr,cfb,scan_id,time,nsrr_dpr,srr_dpr,binRealSurface,typePrecip,flagPrecip",,True,True,True,27.64691925048828,32.59058380126953,102.55274963378906,106.9512939453125,285180,4543,0.015930289641629847,26754,0.09381443298969072,1235,548,32159,0.11276737499123361,274726,10454,242567,32159,0.8829415490343105,246939,221110,25829,3190,3190,28969,22211,0.6399999856948853,2.5,3.495500111579888,5.739999771118164,14.015000343322754,10646,520,32,0,0,3318,952,402,81,4753,0,38241,True,0,0,ok,0,,test
2A.GPM.DPR.V9-20211125.20170614-S033350-E050622.018708.V07A,2A.GPM.DPR.V9-20211125.20170614-S033350-E050622.018708.V07A.nc,/storage/GR_DPR_3D/GRToDPRRes_V07_Pct_V1.2.1_sw_260412/2A.GPM.DPR.V9-20211125.20170614-S033350-E050622.018708.V07A.nc,93213409,2017-06-14,2017-06-14T04:31:13,2017-06-14T04:35:23,018708,358,49,60,23,"z,p,t,q,lat,lon,dbz_gr_sparse,dbz_gr_sparse_min,dbz_gr_sparse_max,dbz_gr_interp,sw_gr_sparse,sw_gr_sparse_min,sw_gr_sparse_max,dbz_dpr,pre_dpr,cfb,scan_id,time,nsrr_dpr,srr_dpr,binRealSurface,typePrecip,flagPrecip",,True,True,True,27.05129051208496,42.09010696411133,114.09564971923828,125.6021728515625,1052520,7319,0.006953787101432752,28368,0.026952456960437805,3500,3233,24282,0.023070345456618402,1044193,8327,1019911,24282,0.9767456782414745,948627,928628,19999,1301,1301,22981,21049,0.5349999666213989,1.8199999332427979,2.4250001907348633,3.7618999886512627,7.309999942779541,6208,47,0,0,0,16529,750,71,192,17542,0,103893,True,0,0,ok,0,,test
2A.GPM.DPR.V9-20211125.20170614-S185919-E203150.018718.V07A,2A.GPM.DPR.V9-20211125.20170614-S185919-E203150.018718.V07A.nc,/storage/GR_DPR_3D/GRToDPRRes_V07_Pct_V1.2.1_sw_260412/2A.GPM.DPR.V9-20211125.20170614-S185919-E203150.018718.V07A.nc,127833841,2017-06-14,2017-06-14T19:29:01,2017-06-14T19:34:44,018718,491,49,60,23,"z,p,t,q,lat,lon,dbz_gr_sparse,dbz_gr_sparse_min,dbz_gr_sparse_max,dbz_gr_interp,sw_gr_sparse,sw_gr_sparse_min,sw_gr_sparse_max,dbz_dpr,pre_dpr,cfb,scan_id,time,nsrr_dpr,srr_dpr,binRealSurface,typePrecip,flagPrecip",,True,True,True,22.665691375732422,43.05918884277344,102.74842834472656,117.17691040039062,1443540,13713,0.009499563572883328,52975,0.036697978580434214,2584,1682,104596,0.07245798523075218,1347242,96298,1242646,104596,0.9223628717038216,1205875,1124824,81051,10803,10803,93793,39262,0.7749999761581421,4.065000057220459,6.306250214576721,11.71500015258789,93.27499389648438,42652,7732,1710,294,40,19434,3337,1025,263,24059,0,237665,True,0,0,ok,0,,test
2A.GPM.DPR.V9-20211125.20170623-S002610-E015844.018846.V07A,2A.GPM.DPR.V9-20211125.20170623-S002610-E015844.018846.V07A.nc,/storage/GR_DPR_3D/GRToDPRRes_V07_Pct_V1.2.1_sw_260412/2A.GPM.DPR.V9-20211125.20170623-S002610-E015844.018846.V07A.nc,29179039,2017-06-23,2017-06-23T01:23:09,2017-06-23T01:24:26,018846,112,49,60,23,"z,p,t,q,lat,lon,dbz_gr_sparse,dbz_gr_sparse_min,dbz_gr_sparse_max,dbz_gr_interp,sw_gr_sparse,sw_gr_sparse_min,sw_gr_sparse_max,dbz_dpr,pre_dpr,cfb,scan_id,time,nsrr_dpr,srr_dpr,binRealSurface,typePrecip,flagPrecip",,True,True,True,38.101898193359375,43.58695983886719,120.8752212524414,126.70689392089844,329280,336,0.0010204081632653062,2242,0.006808794946550048,193,151,816,0.002478134110787172,326304,2976,325488,816,0.9974992644895557,296131,295536,595,19,19,797,1906,0.2750000059604645,0.5274999737739563,0.6200000047683716,0.8142499893903733,5.215000152587891,2,1,0,0,0,5403,35,2,48,5488,0,33149,True,0,0,ok,0,,test
2A.GPM.DPR.V9-20211125.20170623-S015845-E033120.018847.V07A,2A.GPM.DPR.V9-20211125.20170623-S015845-E033120.018847.V07A.nc,/storage/GR_DPR_3D/GRToDPRRes_V07_Pct_V1.2.1_sw_260412/2A.GPM.DPR.V9-20211125.20170623-S015845-E033120.018847.V07A.nc,81239425,2017-06-23,2017-06-23T02:59:06,2017-06-23T03:02:44,018847,312,49,60,23,"z,p,t,q,lat,lon,dbz_gr_sparse,dbz_gr_sparse_min,dbz_gr_sparse_max,dbz_gr_interp,sw_gr_sparse,sw_gr_sparse_min,sw_gr_sparse_max,dbz_dpr,pre_dpr,cfb,scan_id,time,nsrr_dpr,srr_dpr,binRealSurface,typePrecip,flagPrecip",,True,True,True,18.80787467956543,32.40824508666992,105.50608825683594,114.1397705078125,917280,8091,0.008820643642072213,33544,0.03656898656898657,1887,1444,46189,0.050354308390022674,897287,19993,851098,46189,0.9485237164920477,807830,771965,35865,5265,5265,40924,25453,0.7599999904632568,3.7899999618530273,5.96999979019165,19.023200073242474,120.80000305175781,18753,3064,1097,420,57,13157,1330,570,231,15288,0,109450,True,0,0,ok,0,,test
2A.GPM.DPR.V9-20211125.20170623-S155205-E172440.018856.V07A,2A.GPM.DPR.V9-20211125.20170623-S155205-E172440.018856.V07A.nc,/storage/GR_DPR_3D/GRToDPRRes_V07_Pct_V1.2.1_sw_260412/2A.GPM.DPR.V9-20211125.20170623-S155205-E172440.018856.V07A.nc,165577921,2017-06-23,2017-06-23T16:20:05,2017-06-23T16:27:29,018856,636,49,60,23,"z,p,t,q,lat,lon,dbz_gr_sparse,dbz_gr_sparse_min,dbz_gr_sparse_max,dbz_gr_interp,sw_gr_sparse,sw_gr_sparse_min,sw_gr_sparse_max,dbz_dpr,pre_dpr,cfb,scan_id,time,nsrr_dpr,srr_dpr,binRealSurface,typePrecip,flagPrecip",,True,True,True,16.62569808959961,42.83732604980469,107.81233215332031,124.91753387451172,1869840,78001,0.041715333932315066,176308,0.09429042057074402,11459,12942,121576,0.06501946690625936,1857141,12699,1735565,121576,0.9345359345359345,1683351,1584063,99288,53788,53788,67788,98307,0.8349999785423279,6.449999809265137,11.639999389648438,33.078749656677246,299.8999938964844,54137,16147,7378,2902,614,25997,2905,1380,882,31164,0,186489,True,0,0,ok,0,,test
2A.GPM.DPR.V9-20211125.20170628-S004816-E022051.018924.V07A,2A.GPM.DPR.V9-20211125.20170628-S004816-E022051.018924.V07A.nc,/storage/GR_DPR_3D/GRToDPRRes_V07_Pct_V1.2.1_sw_260412/2A.GPM.DPR.V9-20211125.20170628-S004816-E022051.018924.V07A.nc,81760033,2017-06-28,2017-06-28T01:49:05,2017-06-28T01:52:44,018924,314,49,60,23,"z,p,t,q,lat,lon,dbz_gr_sparse,dbz_gr_sparse_min,dbz_gr_sparse_max,dbz_gr_interp,sw_gr_sparse,sw_gr_sparse_min,sw_gr_sparse_max,dbz_dpr,pre_dpr,cfb,scan_id,time,nsrr_dpr,srr_dpr,binRealSurface,typePrecip,flagPrecip",,True,True,True,17.092336654663086,30.80820083618164,102.35861206054688,110.8173828125,923160,13421,0.014538108236925343,48061,0.052061397807530656,2875,2145,41819,0.04529983968109537,889335,33825,847516,41819,0.9529772245554262,800407,768637,31770,9084,9084,32735,34640,0.8100000023841858,3.5799999237060547,5.474999952316284,12.838200111389158,72.56500244140625,17814,2429,715,158,11,13462,1249,500,175,15386,0,122753,True,0,0,ok,0,,test
2A.GPM.DPR.V9-20211125.20170628-S144135-E161409.018933.V07A,2A.GPM.DPR.V9-20211125.20170628-S144135-E161409.018933.V07A.nc,/storage/GR_DPR_3D/GRToDPRRes_V07_Pct_V1.2.1_sw_260412/2A.GPM.DPR.V9-20211125.20170628-S144135-E161409.018933.V07A.nc,166098529,2017-06-28,2017-06-28T15:10:00,2017-06-28T15:17:26,018933,638,49,60,23,"z,p,t,q,lat,lon,dbz_gr_sparse,dbz_gr_sparse_min,dbz_gr_sparse_max,dbz_gr_interp,sw_gr_sparse,sw_gr_sparse_min,sw_gr_sparse_max,dbz_dpr,pre_dpr,cfb,scan_id,time,nsrr_dpr,srr_dpr,binRealSurface,typePrecip,flagPrecip",,True,True,True,18.150487899780273,44.31685256958008,104.40436553955078,122.14054107666016,1875720,15837,0.008443157827394281,55536,0.02960783059305227,7488,6509,48271,0.025734651227262064,1844565,31155,1796294,48271,0.9738306863677886,1670172,1631577,38595,3151,3151,45120,39699,0.6299999952316284,2.7699999809265137,4.109999895095825,10.016000366210996,79.57499694824219,16383,1644,486,150,15,29168,1150,615,329,31262,0,205548,True,0,0,ok,0,,test
2A.GPM.DPR.V9-20211125.20170628-S235707-E012942.018939.V07A,2A.GPM.DPR.V9-20211125.20170628-S235707-E012942.018939.V07A.nc,/storage/GR_DPR_3D/GRToDPRRes_V07_Pct_V1.2.1_sw_260412/2A.GPM.DPR.V9-20211125.20170628-S235707-E012942.018939.V07A.nc,91130977,2017-06-28,2017-06-29T00:56:30,2017-06-29T01:00:34,018939,350,49,60,23,"z,p,t,q,lat,lon,dbz_gr_sparse,dbz_gr_sparse_min,dbz_gr_sparse_max,dbz_gr_interp,sw_gr_sparse,sw_gr_sparse_min,sw_gr_sparse_max,dbz_dpr,pre_dpr,cfb,scan_id,time,nsrr_dpr,srr_dpr,binRealSurface,typePrecip,flagPrecip",,True,True,True,20.604778289794922,35.657588958740234,107.93272399902344,117.78963470458984,1029000,23967,0.023291545189504374,59052,0.05738775510204082,4659,4949,33902,0.032946550048590866,1008323,20677,974421,33902,0.966377837260481,910620,882007,28613,15295,15295,18607,35085,0.7799999713897705,5.889499902725227,10.074999809265137,25.134850215911836,187.97000122070312,14180,4043,1708,617,38,15918,677,280,275,17150,0,118380,True,0,0,ok,0,,test
2A.GPM.DPR.V9-20211125.20170629-S135026-E152300.018948.V07A,2A.GPM.DPR.V9-20211125.20170629-S135026-E152300.018948.V07A.nc,/storage/GR_DPR_3D/GRToDPRRes_V07_Pct_V1.2.1_sw_260412/2A.GPM.DPR.V9-20211125.20170629-S135026-E152300.018948.V07A.nc,125230801,2017-06-29,2017-06-29T14:19:18,2017-06-29T14:24:54,018948,481,49,60,23,"z,p,t,q,lat,lon,dbz_gr_sparse,dbz_gr_sparse_min,dbz_gr_sparse_max,dbz_gr_interp,sw_gr_sparse,sw_gr_sparse_min,sw_gr_sparse_max,dbz_dpr,pre_dpr,cfb,scan_id,time,nsrr_dpr,srr_dpr,binRealSurface,typePrecip,flagPrecip",,True,True,True,19.68158721923828,39.79421615600586,113.65450286865234,126.94447326660156,1414140,16851,0.011916076201790488,36974,0.026145926145926146,3971,4840,14527,0.010272674558388845,1401637,12503,1387110,14527,0.9896356902678797,1269119,1257850,11269,7790,7790,6737,20123,0.550000011920929,3.1750001907348633,4.755000114440918,9.221100292205808,30.85000228881836,4577,672,118,26,0,22906,501,51,111,23569,0,145021,True,0,0,ok,0,,test
2A.GPM.DPR.V9-20211125.20170629-S230558-E003833.018954.V07A,2A.GPM.DPR.V9-20211125.20170629-S230558-E003833.018954.V07A.nc,/storage/GR_DPR_3D/GRToDPRRes_V07_Pct_V1.2.1_sw_260412/2A.GPM.DPR.V9-20211125.20170629-S230558-E003833.018954.V07A.nc,99460705,2017-06-29,2017-06-30T00:03:40,2017-06-30T00:08:07,018954,382,49,60,23,"z,p,t,q,lat,lon,dbz_gr_sparse,dbz_gr_sparse_min,dbz_gr_sparse_max,dbz_gr_interp,sw_gr_sparse,sw_gr_sparse_min,sw_gr_sparse_max,dbz_dpr,pre_dpr,cfb,scan_id,time,nsrr_dpr,srr_dpr,binRealSurface,typePrecip,flagPrecip",,True,True,True,25.12308120727539,41.23895263671875,112.44227600097656,124.15910339355469,1123080,24554,0.02186309078605264,40607,0.03615681874844179,5517,9346,13865,0.012345514121879118,1111592,11488,1097727,13865,0.9875268983583905,1008546,997410,11136,9099,9099,4766,16053,0.3050000071525574,0.7400000095367432,1.0339999675750695,1.8617999362945585,10.319999694824219,745,9,2,0,0,17718,502,66,432,18718,0,114534,True,0,0,ok,0,,test
2A.GPM.DPR.V9-20211125.20170707-S113852-E131126.019071.V07A,2A.GPM.DPR.V9-20211125.20170707-S113852-E131126.019071.V07A.nc,/storage/GR_DPR_3D/GRToDPRRes_V07_Pct_V1.2.1_sw_260412/2A.GPM.DPR.V9-20211125.20170707-S113852-E131126.019071.V07A.nc,158029105,2017-07-07,2017-07-07T12:06:54,2017-07-07T12:13:59,019071,607,49,60,23,"z,p,t,q,lat,lon,dbz_gr_sparse,dbz_gr_sparse_min,dbz_gr_sparse_max,dbz_gr_interp,sw_gr_sparse,sw_gr_sparse_min,sw_gr_sparse_max,dbz_dpr,pre_dpr,cfb,scan_id,time,nsrr_dpr,srr_dpr,binRealSurface,typePrecip,flagPrecip",,True,True,True,16.834211349487305,41.935279846191406,110.59710693359375,126.85367584228516,1784580,32178,0.018031133375920383,90843,0.050904414484080285,7774,8494,78744,0.04412466798910668,1773005,11575,1694261,78744,0.95558726568735,1607275,1544253,63022,14980,14980,63764,58665,0.5349999666213989,2.6449999809265137,4.820000171661377,16.85284908294674,83.22500610351562,22425,3782,1642,584,52,26068,2166,678,831,29743,0,177305,True,0,0,ok,0,,test
2A.GPM.DPR.V9-20211125.20170707-S205423-E222658.019077.V07A,2A.GPM.DPR.V9-20211125.20170707-S205423-E222658.019077.V07A.nc,/storage/GR_DPR_3D/GRToDPRRes_V07_Pct_V1.2.1_sw_260412/2A.GPM.DPR.V9-20211125.20170707-S205423-E222658.019077.V07A.nc,100241617,2017-07-07,2017-07-07T21:52:16,2017-07-07T21:56:45,019077,385,49,60,23,"z,p,t,q,lat,lon,dbz_gr_sparse,dbz_gr_sparse_min,dbz_gr_sparse_max,dbz_gr_interp,sw_gr_sparse,sw_gr_sparse_min,sw_gr_sparse_max,dbz_dpr,pre_dpr,cfb,scan_id,time,nsrr_dpr,srr_dpr,binRealSurface,typePrecip,flagPrecip",,True,True,True,24.3644962310791,40.63010787963867,111.13972473144531,122.75765228271484,1131900,32967,0.029125364431486882,73274,0.064735400653768,6680,8353,26357,0.023285625938687163,1112087,19813,1085730,26357,0.9762995161349787,1005536,984257,21279,17196,17196,9161,40307,0.35500001907348633,0.9850000143051147,1.4200000762939453,5.210000038146973,25.505001068115234,2532,288,108,15,0,17458,997,131,279,18865,0,126364,True,0,0,ok,0,,test
2A.GPM.DPR.V9-20211125.20170716-S083552-E100826.019209.V07A,2A.GPM.DPR.V9-20211125.20170716-S083552-E100826.019209.V07A.nc,/storage/GR_DPR_3D/GRToDPRRes_V07_Pct_V1.2.1_sw_260412/2A.GPM.DPR.V9-20211125.20170716-S083552-E100826.019209.V07A.nc,48440351,2017-07-16,2017-07-16T09:05:35,2017-07-16T09:07:44,019209,186,49,60,23,"z,p,t,q,lat,lon,dbz_gr_sparse,dbz_gr_sparse_min,dbz_gr_sparse_max,dbz_gr_interp,sw_gr_sparse,sw_gr_sparse_min,sw_gr_sparse_max,dbz_dpr,pre_dpr,cfb,scan_id,time,nsrr_dpr,srr_dpr,binRealSurface,typePrecip,flagPrecip",,True,True,True,22.657249450683594,31.10476303100586,120.10684204101562,126.24800109863281,546840,54,9.874917709019091e-05,1028,0.0018798917416428937,45,5,27392,0.050091434423231655,543606,3234,516214,27392,0.9496105635331472,491435,468387,23048,0,0,27392,974,0.8400000333786011,8.510000228881836,17.77950077056882,44.37949993133546,299.6000061035156,12139,4148,2473,1150,204,8162,359,353,240,9114,0,55405,True,0,0,ok,0,,test
2A.GPM.DPR.V9-20211125.20170716-S175123-E192357.019215.V07A,2A.GPM.DPR.V9-20211125.20170716-S175123-E192357.019215.V07A.nc,/storage/GR_DPR_3D/GRToDPRRes_V07_Pct_V1.2.1_sw_260412/2A.GPM.DPR.V9-20211125.20170716-S175123-E192357.019215.V07A.nc,72128785,2017-07-16,2017-07-16T18:48:29,2017-07-16T18:51:42,019215,277,49,60,23,"z,p,t,q,lat,lon,dbz_gr_sparse,dbz_gr_sparse_min,dbz_gr_sparse_max,dbz_gr_interp,sw_gr_sparse,sw_gr_sparse_min,sw_gr_sparse_max,dbz_dpr,pre_dpr,cfb,scan_id,time,nsrr_dpr,srr_dpr,binRealSurface,typePrecip,flagPrecip",,True,True,True,31.277681350708008,43.1411247253418,115.92311096191406,125.86239624023438,814380,18956,0.023276603059996563,43600,0.05353766055158526,2127,2476,38762,0.04759694491515017,805222,9158,766460,38762,0.9518617226056914,729611,696162,33449,14697,14697,24065,24644,0.6000000238418579,3.6700000762939453,7.130000114440918,18.389999389648438,124.1199951171875,13037,2753,1208,316,66,11936,881,259,497,13573,0,84769,True,0,0,ok,0,,test
2A.GPM.DPR.V9-20211125.20170716-S192358-E205632.019216.V07A,2A.GPM.DPR.V9-20211125.20170716-S192358-E205632.019216.V07A.nc,/storage/GR_DPR_3D/GRToDPRRes_V07_Pct_V1.2.1_sw_260412/2A.GPM.DPR.V9-20211125.20170716-S192358-E205632.019216.V07A.nc,81760033,2017-07-16,2017-07-16T20:24:55,2017-07-16T20:28:34,019216,314,49,60,23,"z,p,t,q,lat,lon,dbz_gr_sparse,dbz_gr_sparse_min,dbz_gr_sparse_max,dbz_gr_interp,sw_gr_sparse,sw_gr_sparse_min,sw_gr_sparse_max,dbz_dpr,pre_dpr,cfb,scan_id,time,nsrr_dpr,srr_dpr,binRealSurface,typePrecip,flagPrecip",,True,True,True,16.59745979309082,30.322324752807617,101.38520812988281,109.78533935546875,923160,6210,0.006726894579487846,31344,0.03395294423501885,1602,973,39762,0.04307162355388015,872437,50723,832675,39762,0.9544242163044437,780483,751545,28938,4072,4072,35690,25134,0.8700000047683716,5.324499845504768,8.834750032424912,24.583749847412037,124.77499389648438,18078,4285,1652,555,82,13354,990,965,77,15386,0,142677,True,0,0,ok,0,,test
2A.GPM.DPR.V9-20211125.20170724-S062343-E075617.019332.V07A,2A.GPM.DPR.V9-20211125.20170724-S062343-E075617.019332.V07A.nc,/storage/GR_DPR_3D/GRToDPRRes_V07_Pct_V1.2.1_sw_260412/2A.GPM.DPR.V9-20211125.20170724-S062343-E075617.019332.V07A.nc,78115777,2017-07-24,2017-07-24T06:52:41,2017-07-24T06:56:10,019332,300,49,60,23,"z,p,t,q,lat,lon,dbz_gr_sparse,dbz_gr_sparse_min,dbz_gr_sparse_max,dbz_gr_interp,sw_gr_sparse,sw_gr_sparse_min,sw_gr_sparse_max,dbz_dpr,pre_dpr,cfb,scan_id,time,nsrr_dpr,srr_dpr,binRealSurface,typePrecip,flagPrecip",,True,True,True,20.03760528564453,33.06290054321289,117.23248291015625,125.7723617553711,882000,2014,0.002283446712018141,6536,0.007410430839002268,931,1376,5366,0.0060839002267573696,878635,3365,873269,5366,0.9938927996266936,797302,793403,3899,3,3,5363,4522,1.2350000143051147,7.522500038146973,11.054999589920044,31.830999851226903,63.029998779296875,2994,854,324,104,14,14493,83,112,12,14700,0,84698,True,0,0,ok,0,,test
2A.GPM.DPR.V9-20211125.20170724-S153913-E171147.019338.V07A,2A.GPM.DPR.V9-20211125.20170724-S153913-E171147.019338.V07A.nc,/storage/GR_DPR_3D/GRToDPRRes_V07_Pct_V1.2.1_sw_260412/2A.GPM.DPR.V9-20211125.20170724-S153913-E171147.019338.V07A.nc,91130977,2017-07-24,2017-07-24T16:36:31,2017-07-24T16:40:35,019338,350,49,60,23,"z,p,t,q,lat,lon,dbz_gr_sparse,dbz_gr_sparse_min,dbz_gr_sparse_max,dbz_gr_interp,sw_gr_sparse,sw_gr_sparse_min,sw_gr_sparse_max,dbz_dpr,pre_dpr,cfb,scan_id,time,nsrr_dpr,srr_dpr,binRealSurface,typePrecip,flagPrecip",,True,True,True,27.731990814208984,42.50617218017578,114.82697296142578,126.22306823730469,1029000,8203,0.007971817298347911,24288,0.023603498542274053,3856,4364,752,0.0007308066083576288,1020615,8385,1019863,752,0.9992631893515185,925986,925513,473,384,384,368,16085,0.30000001192092896,0.5899999737739563,0.7490000009536729,1.1749999523162842,2.445000171661377,11,0,0,0,0,17099,24,25,2,17150,0,103014,True,0,0,ok,0,,test
2A.GPM.DPR.V9-20211125.20170724-S171148-E184422.019339.V07A,2A.GPM.DPR.V9-20211125.20170724-S171148-E184422.019339.V07A.nc,/storage/GR_DPR_3D/GRToDPRRes_V07_Pct_V1.2.1_sw_260412/2A.GPM.DPR.V9-20211125.20170724-S171148-E184422.019339.V07A.nc,52085377,2017-07-24,2017-07-24T18:14:15,2017-07-24T18:16:35,019339,200,49,60,23,"z,p,t,q,lat,lon,dbz_gr_sparse,dbz_gr_sparse_min,dbz_gr_sparse_max,dbz_gr_interp,sw_gr_sparse,sw_gr_sparse_min,sw_gr_sparse_max,dbz_dpr,pre_dpr,cfb,scan_id,time,nsrr_dpr,srr_dpr,binRealSurface,typePrecip,flagPrecip",,True,True,True,15.941661834716797,25.086986541748047,102.54690551757812,108.43424224853516,588000,526,0.0008945578231292518,7364,0.012523809523809524,261,49,66191,0.11256972789115646,570596,17404,504405,66191,0.8839967332403311,514228,458814,55414,372,372,65819,6838,0.8500000238418579,3.734999895095825,6.2250001430511475,21.31850051879878,298.2250061035156,29103,4407,1734,713,166,7418,1395,691,296,9800,0,73772,True,0,0,ok,0,,test
2A.GPM.DPR.V9-20211125.20170501-S071945-E085219.018026.V07A,2A.GPM.DPR.V9-20211125.20170501-S071945-E085219.018026.V07A.nc,/storage/GR_DPR_3D/GRToDPRRes_V07_Pct_V1.2.1_sw_260412/2A.GPM.DPR.V9-20211125.20170501-S071945-E085219.018026.V07A.nc,155165761,2017-05-01,2017-05-01T07:47:30,2017-05-01T07:54:27,018026,596,49,60,23,"z,p,t,q,lat,lon,dbz_gr_sparse,dbz_gr_sparse_min,dbz_gr_sparse_max,dbz_gr_interp,sw_gr_sparse,sw_gr_sparse_min,sw_gr_sparse_max,dbz_dpr,pre_dpr,cfb,scan_id,time,nsrr_dpr,srr_dpr,binRealSurface,typePrecip,flagPrecip",,True,True,True,15.835127830505371,40.58420944213867,109.60909271240234,125.21367645263672,1752240,51601,0.029448591517143772,112087,0.06396783545633018,8186,9144,95263,0.05436641099392777,1743503,8737,1648240,95263,0.9453611493642397,1584330,1508975,75355,37221,37221,58042,60486,0.7599999904632568,4.159999847412109,6.234999656677246,13.311899871826196,62.0,39679,7057,1903,293,17,24419,3313,398,1074,29204,0,167910,True,0,0,ok,0,,train
2A.GPM.DPR.V9-20211125.20170501-S163516-E180751.018032.V07A,2A.GPM.DPR.V9-20211125.20170501-S163516-E180751.018032.V07A.nc,/storage/GR_DPR_3D/GRToDPRRes_V07_Pct_V1.2.1_sw_260412/2A.GPM.DPR.V9-20211125.20170501-S163516-E180751.018032.V07A.nc,88007329,2017-05-01,2017-05-01T17:33:56,2017-05-01T17:37:51,018032,338,49,60,23,"z,p,t,q,lat,lon,dbz_gr_sparse,dbz_gr_sparse_min,dbz_gr_sparse_max,dbz_gr_interp,sw_gr_sparse,sw_gr_sparse_min,sw_gr_sparse_max,dbz_dpr,pre_dpr,cfb,scan_id,time,nsrr_dpr,srr_dpr,binRealSurface,typePrecip,flagPrecip",,True,True,True,23.582975387573242,38.06935501098633,112.50116729736328,122.5931625366211,993720,38839,0.03908445034818661,96647,0.09725777885118544,9731,10205,29670,0.029857505132230407,982281,11439,952611,29670,0.9697947939540722,889374,868553,20821,13243,13243,16427,57808,0.6549999713897705,3.0450000762939453,4.510000228881836,9.06655027389527,105.41000366210938,10551,1238,224,33,9,14736,1295,371,160,16562,0,104346,True,0,0,ok,0,,train
2A.GPM.DPR.V9-20211125.20170502-S154405-E171640.018047.V07A,2A.GPM.DPR.V9-20211125.20170502-S154405-E171640.018047.V07A.nc,/storage/GR_DPR_3D/GRToDPRRes_V07_Pct_V1.2.1_sw_260412/2A.GPM.DPR.V9-20211125.20170502-S154405-E171640.018047.V07A.nc,51043231,2017-05-02,2017-05-02T16:41:03,2017-05-02T16:43:19,018047,196,49,60,23,"z,p,t,q,lat,lon,dbz_gr_sparse,dbz_gr_sparse_min,dbz_gr_sparse_max,dbz_gr_interp,sw_gr_sparse,sw_gr_sparse_min,sw_gr_sparse_max,dbz_dpr,pre_dpr,cfb,scan_id,time,nsrr_dpr,srr_dpr,binRealSurface,typePrecip,flagPrecip",,True,True,True,34.93135452270508,43.62697982788086,116.67030334472656,124.7528076171875,576240,3031,0.0052599611273080665,22764,0.03950437317784256,2138,1302,0,0.0,567410,8830,567410,0,1.0,514627,514627,0,0,0,0,19733,,,,,,0,0,0,0,0,9604,0,0,0,9604,0,61613,True,0,0,ok,0,,train
2A.GPM.DPR.V9-20211125.20170502-S171641-E184915.018048.V07A,2A.GPM.DPR.V9-20211125.20170502-S171641-E184915.018048.V07A.nc,/storage/GR_DPR_3D/GRToDPRRes_V07_Pct_V1.2.1_sw_260412/2A.GPM.DPR.V9-20211125.20170502-S171641-E184915.018048.V07A.nc,81760033,2017-05-02,2017-05-02T18:17:30,2017-05-02T18:21:09,018048,314,49,60,23,"z,p,t,q,lat,lon,dbz_gr_sparse,dbz_gr_sparse_min,dbz_gr_sparse_max,dbz_gr_interp,sw_gr_sparse,sw_gr_sparse_min,sw_gr_sparse_max,dbz_dpr,pre_dpr,cfb,scan_id,time,nsrr_dpr,srr_dpr,binRealSurface,typePrecip,flagPrecip",,True,True,True,17.05001449584961,30.76624870300293,102.30148315429688,110.75641632080078,923160,14860,0.0160968846137181,52575,0.05695112439880411,5622,4159,1958,0.0021209757788465703,887934,35226,885976,1958,0.9977948811510765,800015,798856,1159,313,313,1645,37715,0.7200000286102295,3.569500088691706,5.591500115394591,8.62650003433228,13.585000038146973,706,121,11,0,0,15236,48,101,1,15386,0,123145,True,0,0,ok,0,,train
2A.GPM.DPR.V9-20211125.20170504-S061846-E075120.018072.V07A,2A.GPM.DPR.V9-20211125.20170504-S061846-E075120.018072.V07A.nc,/storage/GR_DPR_3D/GRToDPRRes_V07_Pct_V1.2.1_sw_260412/2A.GPM.DPR.V9-20211125.20170504-S061846-E075120.018072.V07A.nc,126792625,2017-05-04,2017-05-04T06:47:34,2017-05-04T06:53:14,018072,487,49,60,23,"z,p,t,q,lat,lon,dbz_gr_sparse,dbz_gr_sparse_min,dbz_gr_sparse_max,dbz_gr_interp,sw_gr_sparse,sw_gr_sparse_min,sw_gr_sparse_max,dbz_dpr,pre_dpr,cfb,scan_id,time,nsrr_dpr,srr_dpr,binRealSurface,typePrecip,flagPrecip",,True,True,True,19.470346450805664,39.82687759399414,113.49458312988281,126.90254974365234,1431780,36427,0.02544175781195435,110196,0.07696433809663496,7273,7664,123899,0.0865349425191021,1418713,13067,1294814,123899,0.9126680308138433,1287128,1188501,98627,21514,21514,102385,73769,0.6700000166893005,3.695000171661377,5.920000076293945,12.320099716186544,299.55499267578125,46381,8087,2130,430,102,17498,3791,878,1696,23863,0,144652,True,0,0,ok,0,,train
2A.GPM.DPR.V9-20211125.20170504-S153418-E170652.018078.V07A,2A.GPM.DPR.V9-20211125.20170504-S153418-E170652.018078.V07A.nc,/storage/GR_DPR_3D/GRToDPRRes_V07_Pct_V1.2.1_sw_260412/2A.GPM.DPR.V9-20211125.20170504-S153418-E170652.018078.V07A.nc,99721009,2017-05-04,2017-05-04T16:31:59,2017-05-04T16:36:27,018078,383,49,60,23,"z,p,t,q,lat,lon,dbz_gr_sparse,dbz_gr_sparse_min,dbz_gr_sparse_max,dbz_gr_interp,sw_gr_sparse,sw_gr_sparse_min,sw_gr_sparse_max,dbz_dpr,pre_dpr,cfb,scan_id,time,nsrr_dpr,srr_dpr,binRealSurface,typePrecip,flagPrecip",,True,True,True,25.06748390197754,41.2234992980957,112.39442443847656,124.1286849975586,1126020,19451,0.017274115912683612,54053,0.04800358785811975,7757,9908,1611,0.001430702829434646,1113864,12156,1112253,1611,0.998553683394023,1011893,1010650,1243,319,319,1292,34602,0.47999998927116394,1.965000033378601,3.390000104904175,4.646999645233157,6.305000305175781,360,12,0,0,0,18633,61,30,43,18767,0,114127,True,0,0,ok,0,,train
2A.GPM.DPR.V9-20211125.20170506-S060857-E074131.018103.V07A,2A.GPM.DPR.V9-20211125.20170506-S060857-E074131.018103.V07A.nc,/storage/GR_DPR_3D/GRToDPRRes_V07_Pct_V1.2.1_sw_260412/2A.GPM.DPR.V9-20211125.20170506-S060857-E074131.018103.V07A.nc,165838225,2017-05-06,2017-05-06T06:37:08,2017-05-06T06:44:33,018103,637,49,60,23,"z,p,t,q,lat,lon,dbz_gr_sparse,dbz_gr_sparse_min,dbz_gr_sparse_max,dbz_gr_interp,sw_gr_sparse,sw_gr_sparse_min,sw_gr_sparse_max,dbz_dpr,pre_dpr,cfb,scan_id,time,nsrr_dpr,srr_dpr,binRealSurface,typePrecip,flagPrecip",,True,True,True,17.32573699951172,43.52535629272461,106.24726867675781,123.63787841796875,1872780,45529,0.024310917459605508,101249,0.05406347782441077,8823,10253,63554,0.033935646472089624,1860317,12463,1796763,63554,0.9658370051985764,1689851,1639549,50302,27324,27324,36230,55720,0.4099999964237213,1.8450000286102295,3.2100000381469727,10.69000002861023,59.15999984741211,12490,1824,711,213,8,27458,2114,335,1306,31213,0,182929,True,0,0,ok,0,,train
2A.GPM.DPR.V9-20211125.20170506-S152428-E165702.018109.V07A,2A.GPM.DPR.V9-20211125.20170506-S152428-E165702.018109.V07A.nc,/storage/GR_DPR_3D/GRToDPRRes_V07_Pct_V1.2.1_sw_260412/2A.GPM.DPR.V9-20211125.20170506-S152428-E165702.018109.V07A.nc,90870673,2017-05-06,2017-05-06T16:23:36,2017-05-06T16:27:39,018109,349,49,60,23,"z,p,t,q,lat,lon,dbz_gr_sparse,dbz_gr_sparse_min,dbz_gr_sparse_max,dbz_gr_interp,sw_gr_sparse,sw_gr_sparse_min,sw_gr_sparse_max,dbz_dpr,pre_dpr,cfb,scan_id,time,nsrr_dpr,srr_dpr,binRealSurface,typePrecip,flagPrecip",,True,True,True,21.500337600708008,36.48507308959961,109.59309387207031,119.58575439453125,1026060,52536,0.05120168411204023,117915,0.11492018010642653,10521,10929,9376,0.009137867181256457,1011356,14704,1001980,9376,0.9907292783154498,914040,906587,7453,3927,3927,5449,65379,0.4099999964237213,1.1200000047683716,1.4812500178813934,2.594999849796295,11.539999961853027,1266,20,2,0,0,16496,353,36,216,17101,0,112020,True,0,0,ok,0,,train
2A.GPM.DPR.V9-20211125.20170507-S051745-E065019.018118.V07A,2A.GPM.DPR.V9-20211125.20170507-S051745-E065019.018118.V07A.nc,/storage/GR_DPR_3D/GRToDPRRes_V07_Pct_V1.2.1_sw_260412/2A.GPM.DPR.V9-20211125.20170507-S051745-E065019.018118.V07A.nc,113256817,2017-05-07,2017-05-07T05:46:35,2017-05-07T05:51:39,018118,435,49,60,23,"z,p,t,q,lat,lon,dbz_gr_sparse,dbz_gr_sparse_min,dbz_gr_sparse_max,dbz_gr_interp,sw_gr_sparse,sw_gr_sparse_min,sw_gr_sparse_max,dbz_dpr,pre_dpr,cfb,scan_id,time,nsrr_dpr,srr_dpr,binRealSurface,typePrecip,flagPrecip",,True,True,True,19.59698486328125,37.93778991699219,115.83905792236328,127.79768371582031,1278900,2596,0.0020298694190319807,10095,0.007893502228477598,1413,1615,509,0.0003979982797716788,1274193,4707,1273684,509,0.9996005314736465,1155384,1155144,240,58,58,451,7499,0.44999998807907104,2.5600001335144036,6.761999988555908,11.5442000579834,12.005000114440918,108,33,11,0,0,21269,14,28,4,21315,0,123516,True,0,0,ok,0,,train
2A.GPM.DPR.V9-20211125.20170507-S143316-E160550.018124.V07A,2A.GPM.DPR.V9-20211125.20170507-S143316-E160550.018124.V07A.nc,/storage/GR_DPR_3D/GRToDPRRes_V07_Pct_V1.2.1_sw_260412/2A.GPM.DPR.V9-20211125.20170507-S143316-E160550.018124.V07A.nc,92953105,2017-05-07,2017-05-07T15:30:42,2017-05-07T15:34:51,018124,357,49,60,23,"z,p,t,q,lat,lon,dbz_gr_sparse,dbz_gr_sparse_min,dbz_gr_sparse_max,dbz_gr_interp,sw_gr_sparse,sw_gr_sparse_min,sw_gr_sparse_max,dbz_dpr,pre_dpr,cfb,scan_id,time,nsrr_dpr,srr_dpr,binRealSurface,typePrecip,flagPrecip",,True,True,True,26.9966983795166,42.0716438293457,113.99468231201172,125.42012023925781,1049580,47541,0.045295260961527466,108673,0.10353951104251224,11508,9401,0,0.0,1040929,8651,1040929,0,1.0,945849,945849,0,0,0,0,61132,,,,,,0,0,0,0,0,17493,0,0,0,17493,0,103731,True,0,0,ok,0,,train
2A.GPM.DPR.V9-20211125.20170509-S050754-E064028.018149.V07A,2A.GPM.DPR.V9-20211125.20170509-S050754-E064028.018149.V07A.nc,/storage/GR_DPR_3D/GRToDPRRes_V07_Pct_V1.2.1_sw_260412/2A.GPM.DPR.V9-20211125.20170509-S050754-E064028.018149.V07A.nc,165577921,2017-05-09,2017-05-09T05:35:50,2017-05-09T05:43:14,018149,636,49,60,23,"z,p,t,q,lat,lon,dbz_gr_sparse,dbz_gr_sparse_min,dbz_gr_sparse_max,dbz_gr_interp,sw_gr_sparse,sw_gr_sparse_min,sw_gr_sparse_max,dbz_dpr,pre_dpr,cfb,scan_id,time,nsrr_dpr,srr_dpr,binRealSurface,typePrecip,flagPrecip",,True,True,True,16.46508026123047,42.69387435913086,108.1661148071289,125.21463775634766,1869840,37143,0.019864266461301502,96214,0.05145573952851581,7611,7646,58038,0.031039019381337442,1857766,12074,1799728,58038,0.96875925170339,1684400,1636077,48323,23606,23606,34432,59071,0.6000000238418579,4.399999761581421,8.240749788284273,23.639999389648438,145.07000732421875,19797,5096,2286,852,92,28373,1248,590,953,31164,0,185440,True,0,0,ok,0,,train
2A.GPM.DPR.V9-20211125.20170509-S142324-E155558.018155.V07A,2A.GPM.DPR.V9-20211125.20170509-S142324-E155558.018155.V07A.nc,/storage/GR_DPR_3D/GRToDPRRes_V07_Pct_V1.2.1_sw_260412/2A.GPM.DPR.V9-20211125.20170509-S142324-E155558.018155.V07A.nc,90870673,2017-05-09,2017-05-09T15:22:15,2017-05-09T15:26:19,018155,349,49,60,23,"z,p,t,q,lat,lon,dbz_gr_sparse,dbz_gr_sparse_min,dbz_gr_sparse_max,dbz_gr_interp,sw_gr_sparse,sw_gr_sparse_min,sw_gr_sparse_max,dbz_dpr,pre_dpr,cfb,scan_id,time,nsrr_dpr,srr_dpr,binRealSurface,typePrecip,flagPrecip",,True,True,True,22.450763702392578,37.40346145629883,111.2603530883789,121.4322280883789,1026060,47777,0.046563553788277486,114278,0.11137555308656413,11881,7510,123,0.00011987603064148295,1009954,16106,1009831,123,0.9998782122750145,914175,914082,93,2,2,121,66501,0.36500000953674316,1.167999935150146,1.940000009536739,4.767099838256836,8.505000114440918,16,1,0,0,0,17089,0,8,4,17101,0,111885,True,0,0,ok,0,,train
2A.GPM.DPR.V9-20211125.20170510-S041640-E054914.018164.V07A,2A.GPM.DPR.V9-20211125.20170510-S041640-E054914.018164.V07A.nc,/storage/GR_DPR_3D/GRToDPRRes_V07_Pct_V1.2.1_sw_260412/2A.GPM.DPR.V9-20211125.20170510-S041640-E054914.018164.V07A.nc,59634193,2017-05-10,2017-05-10T04:45:56,2017-05-10T04:48:36,018164,229,49,60,23,"z,p,t,q,lat,lon,dbz_gr_sparse,dbz_gr_sparse_min,dbz_gr_sparse_max,dbz_gr_interp,sw_gr_sparse,sw_gr_sparse_min,sw_gr_sparse_max,dbz_dpr,pre_dpr,cfb,scan_id,time,nsrr_dpr,srr_dpr,binRealSurface,typePrecip,flagPrecip",,True,True,True,21.10872459411621,31.290756225585938,118.83878326416016,125.82195281982422,673260,172,0.00025547336838665596,2302,0.0034191842675935003,163,61,357,0.000530255770430443,668997,4263,668640,357,0.9994663653200239,604697,604466,231,0,0,357,2130,0.7849999666213989,2.3519999504089357,2.675999927520747,3.7861999511718745,4.505000114440918,135,0,0,0,0,11195,8,17,1,11221,0,68563,True,0,0,ok,0,,train
2A.GPM.DPR.V9-20211125.20170510-S133211-E150444.018170.V07A,2A.GPM.DPR.V9-20211125.20170510-S133211-E150444.018170.V07A.nc,/storage/GR_DPR_3D/GRToDPRRes_V07_Pct_V1.2.1_sw_260412/2A.GPM.DPR.V9-20211125.20170510-S133211-E150444.018170.V07A.nc,83842465,2017-05-10,2017-05-10T14:29:20,2017-05-10T14:33:05,018170,322,49,60,23,"z,p,t,q,lat,lon,dbz_gr_sparse,dbz_gr_sparse_min,dbz_gr_sparse_max,dbz_gr_interp,sw_gr_sparse,sw_gr_sparse_min,sw_gr_sparse_max,dbz_dpr,pre_dpr,cfb,scan_id,time,nsrr_dpr,srr_dpr,binRealSurface,typePrecip,flagPrecip",,True,True,True,29.300254821777344,42.94396209716797,115.56539916992188,126.47132873535156,946680,10392,0.010977310178729877,40116,0.042375459500570416,4996,2278,0,0.0,937397,9283,937397,0,1.0,849745,849745,0,0,0,0,29724,,,,,,0,0,0,0,0,15778,0,0,0,15778,0,96935,True,0,0,ok,0,,train
2A.GPM.DPR.V9-20211125.20170510-S150445-E163719.018171.V07A,2A.GPM.DPR.V9-20211125.20170510-S150445-E163719.018171.V07A.nc,/storage/GR_DPR_3D/GRToDPRRes_V07_Pct_V1.2.1_sw_260412/2A.GPM.DPR.V9-20211125.20170510-S150445-E163719.018171.V07A.nc,81760033,2017-05-10,2017-05-10T16:05:46,2017-05-10T16:09:25,018171,314,49,60,23,"z,p,t,q,lat,lon,dbz_gr_sparse,dbz_gr_sparse_min,dbz_gr_sparse_max,dbz_gr_interp,sw_gr_sparse,sw_gr_sparse_min,sw_gr_sparse_max,dbz_dpr,pre_dpr,cfb,scan_id,time,nsrr_dpr,srr_dpr,binRealSurface,typePrecip,flagPrecip",,True,True,True,16.380355834960938,30.109575271606445,100.97760772705078,109.35157775878906,923160,3846,0.004166125048745613,23476,0.025430044629316695,1500,511,61157,0.06624745439577105,864835,58325,803678,61157,0.9292847768649511,773015,721438,51577,1065,1065,60092,19630,0.7999999523162842,3.740000009536743,5.335000038146973,14.440000534057617,92.19999694824219,25497,3531,1033,384,90,13220,1567,189,410,15386,0,150145,True,0,0,ok,0,,train
2A.GPM.DPR.V9-20211125.20170511-S045801-E063035.018180.V07A,2A.GPM.DPR.V9-20211125.20170511-S045801-E063035.018180.V07A.nc,/storage/GR_DPR_3D/GRToDPRRes_V07_Pct_V1.2.1_sw_260412/2A.GPM.DPR.V9-20211125.20170511-S045801-E063035.018180.V07A.nc,142410865,2017-05-11,2017-05-11T05:27:08,2017-05-11T05:33:30,018180,547,49,60,23,"z,p,t,q,lat,lon,dbz_gr_sparse,dbz_gr_sparse_min,dbz_gr_sparse_max,dbz_gr_interp,sw_gr_sparse,sw_gr_sparse_min,sw_gr_sparse_max,dbz_dpr,pre_dpr,cfb,scan_id,time,nsrr_dpr,srr_dpr,binRealSurface,typePrecip,flagPrecip",,True,True,True,20.581768035888672,43.154903411865234,103.74482727050781,119.33938598632812,1608180,19115,0.011886107276548645,54153,0.0336734693877551,3879,3181,84202,0.05235856682709647,1539688,68492,1455486,84202,0.9453122970368023,1382410,1319160,63250,13572,13572,70630,35038,0.7699999809265137,4.515000343322754,7.744749879837022,20.020000457763672,103.33000183105469,35071,7488,2797,844,94,22652,2649,605,897,26803,0,225770,True,0,0,ok,0,,train
2A.GPM.DPR.V9-20211125.20170511-S124057-E141330.018185.V07A,2A.GPM.DPR.V9-20211125.20170511-S124057-E141330.018185.V07A.nc,/storage/GR_DPR_3D/GRToDPRRes_V07_Pct_V1.2.1_sw_260412/2A.GPM.DPR.V9-20211125.20170511-S124057-E141330.018185.V07A.nc,22409292,2017-05-11,2017-05-11T13:37:35,2017-05-11T13:38:34,018185,86,49,60,23,"z,p,t,q,lat,lon,dbz_gr_sparse,dbz_gr_sparse_min,dbz_gr_sparse_max,dbz_gr_interp,sw_gr_sparse,sw_gr_sparse_min,sw_gr_sparse_max,dbz_dpr,pre_dpr,cfb,scan_id,time,nsrr_dpr,srr_dpr,binRealSurface,typePrecip,flagPrecip",,True,True,True,40.130706787109375,44.63205337524414,122.64965057373047,127.863525390625,252840,11,4.350577440278437e-05,197,0.0007791488688498655,7,1,42291,0.1672638822971049,246963,5877,204672,42291,0.828755724541733,222853,186138,36715,9,9,42282,186,0.800000011920929,6.255000114440918,10.470000267028809,31.544999885558937,137.76998901367188,17627,5182,2204,940,133,2203,699,271,1041,4214,0,29987,True,0,0,ok,0,,train
2A.GPM.DPR.V9-20211125.20170511-S141331-E154605.018186.V07A,2A.GPM.DPR.V9-20211125.20170511-S141331-E154605.018186.V07A.nc,/storage/GR_DPR_3D/GRToDPRRes_V07_Pct_V1.2.1_sw_260412/2A.GPM.DPR.V9-20211125.20170511-S141331-E154605.018186.V07A.nc,85404289,2017-05-11,2017-05-11T15:13:21,2017-05-11T15:17:10,018186,328,49,60,23,"z,p,t,q,lat,lon,dbz_gr_sparse,dbz_gr_sparse_min,dbz_gr_sparse_max,dbz_gr_interp,sw_gr_sparse,sw_gr_sparse_min,sw_gr_sparse_max,dbz_dpr,pre_dpr,cfb,scan_id,time,nsrr_dpr,srr_dpr,binRealSurface,typePrecip,flagPrecip",,True,True,True,19.9205322265625,34.126220703125,107.1637191772461,116.3506851196289,964320,37297,0.03867699518831923,96685,0.10026236104197776,6447,6315,39444,0.040903434544549526,940330,23990,900886,39444,0.9580530239384046,844199,812212,31987,18167,18167,21277,59388,1.1100000143051147,5.349999904632568,7.903499770164475,24.56909954071041,298.8900146484375,20828,4411,1307,541,120,14480,1185,157,250,16072,0,120121,True,0,0,ok,0,,train
2A.GPM.DPR.V9-20211125.20170512-S040647-E053921.018195.V07A,2A.GPM.DPR.V9-20211125.20170512-S040647-E053921.018195.V07A.nc,/storage/GR_DPR_3D/GRToDPRRes_V07_Pct_V1.2.1_sw_260412/2A.GPM.DPR.V9-20211125.20170512-S040647-E053921.018195.V07A.nc,158029105,2017-05-12,2017-05-12T04:34:49,2017-05-12T04:41:53,018195,607,49,60,23,"z,p,t,q,lat,lon,dbz_gr_sparse,dbz_gr_sparse_min,dbz_gr_sparse_max,dbz_gr_interp,sw_gr_sparse,sw_gr_sparse_min,sw_gr_sparse_max,dbz_dpr,pre_dpr,cfb,scan_id,time,nsrr_dpr,srr_dpr,binRealSurface,typePrecip,flagPrecip",,True,True,True,16.807512283325195,41.91390609741211,110.62687683105469,126.8730239868164,1784580,27897,0.015632249604949064,64317,0.03604041287025519,5724,7008,38161,0.02138374295352408,1772270,12310,1734109,38161,0.978467727829281,1608805,1581675,27130,14401,14401,23760,36420,0.46000000834465027,1.5700000524520874,2.5299999713897705,7.8719999313354565,65.23500061035156,7442,665,252,48,6,27479,1405,439,420,29743,0,175775,True,0,0,ok,0,,train
2A.GPM.DPR.V9-20211125.20170512-S132217-E145451.018201.V07A,2A.GPM.DPR.V9-20211125.20170512-S132217-E145451.018201.V07A.nc,/storage/GR_DPR_3D/GRToDPRRes_V07_Pct_V1.2.1_sw_260412/2A.GPM.DPR.V9-20211125.20170512-S132217-E145451.018201.V07A.nc,100241617,2017-05-12,2017-05-12T14:20:09,2017-05-12T14:24:38,018201,385,49,60,23,"z,p,t,q,lat,lon,dbz_gr_sparse,dbz_gr_sparse_min,dbz_gr_sparse_max,dbz_gr_interp,sw_gr_sparse,sw_gr_sparse_min,sw_gr_sparse_max,dbz_dpr,pre_dpr,cfb,scan_id,time,nsrr_dpr,srr_dpr,binRealSurface,typePrecip,flagPrecip",,True,True,True,24.382511138916016,40.64690017700195,111.17766571044922,122.79967498779297,1131900,40776,0.03602438377948582,102305,0.09038342609771181,10461,7428,21426,0.018929234031274847,1112121,19779,1090695,21426,0.9807341107667241,1007399,990813,16586,5133,5133,16293,61529,0.7400000095367432,4.677500009536743,8.770000457763672,36.086249351501465,178.98500061035156,8445,2015,933,459,109,17924,535,300,106,18865,0,124501,True,0,0,ok,0,,train
2A.GPM.DPR.V9-20211125.20170513-S123102-E140336.018216.V07A,2A.GPM.DPR.V9-20211125.20170513-S123102-E140336.018216.V07A.nc,/storage/GR_DPR_3D/GRToDPRRes_V07_Pct_V1.2.1_sw_260412/2A.GPM.DPR.V9-20211125.20170513-S123102-E140336.018216.V07A.nc,45056607,2017-05-13,2017-05-13T13:28:12,2017-05-13T13:30:12,018216,173,49,60,23,"z,p,t,q,lat,lon,dbz_gr_sparse,dbz_gr_sparse_min,dbz_gr_sparse_max,dbz_gr_interp,sw_gr_sparse,sw_gr_sparse_min,sw_gr_sparse_max,dbz_dpr,pre_dpr,cfb,scan_id,time,nsrr_dpr,srr_dpr,binRealSurface,typePrecip,flagPrecip",,True,True,True,35.11262130737305,42.869747161865234,117.87644958496094,125.29057312011719,508620,3514,0.006908890723919626,11056,0.021737249813220085,1572,1252,216,0.000424678541937006,504443,4177,504227,216,0.9995718049412917,457662,457486,176,20,20,196,7542,0.3449999988079071,0.6574999988079071,0.7362500131130219,0.8535000205039978,0.9049999713897705,0,0,0,0,0,8460,12,0,5,8477,0,50958,True,0,0,ok,0,,train
2A.GPM.DPR.V9-20211125.20170513-S140337-E153611.018217.V07A,2A.GPM.DPR.V9-20211125.20170513-S140337-E153611.018217.V07A.nc,/storage/GR_DPR_3D/GRToDPRRes_V07_Pct_V1.2.1_sw_260412/2A.GPM.DPR.V9-20211125.20170513-S140337-E153611.018217.V07A.nc,81760033,2017-05-13,2017-05-13T15:04:21,2017-05-13T15:08:00,018217,314,49,60,23,"z,p,t,q,lat,lon,dbz_gr_sparse,dbz_gr_sparse_min,dbz_gr_sparse_max,dbz_gr_interp,sw_gr_sparse,sw_gr_sparse_min,sw_gr_sparse_max,dbz_dpr,pre_dpr,cfb,scan_id,time,nsrr_dpr,srr_dpr,binRealSurface,typePrecip,flagPrecip",,True,True,True,17.351821899414062,30.987302780151367,102.7430419921875,111.26985168457031,923160,18841,0.02040924650114823,64034,0.06936392391351445,6385,7467,14916,0.016157545820876123,894999,28161,880083,14916,0.9833340595911281,807676,795755,11921,365,365,14551,45193,0.6599999666213989,3.3324999809265137,5.159999847412109,11.233749914169339,27.110000610351562,5305,801,199,18,0,14733,496,82,75,15386,0,115484,True,0,0,ok,0,,train
2A.GPM.DPR.V9-20211125.20170514-S035652-E052926.018226.V07A,2A.GPM.DPR.V9-20211125.20170514-S035652-E052926.018226.V07A.nc,/storage/GR_DPR_3D/GRToDPRRes_V07_Pct_V1.2.1_sw_260412/2A.GPM.DPR.V9-20211125.20170514-S035652-E052926.018226.V07A.nc,166098529,2017-05-14,2017-05-14T04:25:14,2017-05-14T04:32:40,018226,638,49,60,23,"z,p,t,q,lat,lon,dbz_gr_sparse,dbz_gr_sparse_min,dbz_gr_sparse_max,dbz_gr_interp,sw_gr_sparse,sw_gr_sparse_min,sw_gr_sparse_max,dbz_dpr,pre_dpr,cfb,scan_id,time,nsrr_dpr,srr_dpr,binRealSurface,typePrecip,flagPrecip",,True,True,True,17.974149703979492,44.228485107421875,104.9239501953125,122.5606689453125,1875720,14051,0.0074909901264581065,42736,0.02278378436013904,6132,6624,6259,0.003336851982172179,1853210,22510,1846951,6259,0.9966226169727123,1681310,1676048,5262,2801,2801,3458,28685,0.3500000238418579,1.3550000190734863,2.4049999952316283,5.901299924850465,48.459999084472656,936,87,20,16,0,30684,129,39,410,31262,0,194410,True,0,0,ok,0,,train
2A.GPM.DPR.V9-20211125.20170514-S131222-E144456.018232.V07A,2A.GPM.DPR.V9-20211125.20170514-S131222-E144456.018232.V07A.nc,/storage/GR_DPR_3D/GRToDPRRes_V07_Pct_V1.2.1_sw_260412/2A.GPM.DPR.V9-20211125.20170514-S131222-E144456.018232.V07A.nc,89048545,2017-05-14,2017-05-14T14:11:44,2017-05-14T14:15:43,018232,342,49,60,23,"z,p,t,q,lat,lon,dbz_gr_sparse,dbz_gr_sparse_min,dbz_gr_sparse_max,dbz_gr_interp,sw_gr_sparse,sw_gr_sparse_min,sw_gr_sparse_max,dbz_dpr,pre_dpr,cfb,scan_id,time,nsrr_dpr,srr_dpr,binRealSurface,typePrecip,flagPrecip",,True,True,True,20.910846710205078,35.566261291503906,108.50112915039062,118.2413330078125,1005480,47716,0.04745594144090385,99308,0.0987667581652544,8543,13911,31173,0.0310031029955842,988181,17299,957008,31173,0.9684541597136557,892906,868395,24511,16466,16466,14707,51592,0.38499999046325684,1.3440000295639,2.359999895095825,8.932600097656197,61.144996643066406,4574,700,257,29,3,14737,999,73,949,16758,0,112574,True,0,0,ok,0,,train
2A.GPM.DPR.V9-20211125.20170515-S030537-E043810.018241.V07A,2A.GPM.DPR.V9-20211125.20170515-S030537-E043810.018241.V07A.nc,/storage/GR_DPR_3D/GRToDPRRes_V07_Pct_V1.2.1_sw_260412/2A.GPM.DPR.V9-20211125.20170515-S030537-E043810.018241.V07A.nc,118202593,2017-05-15,2017-05-15T03:34:22,2017-05-15T03:39:39,018241,454,49,60,23,"z,p,t,q,lat,lon,dbz_gr_sparse,dbz_gr_sparse_min,dbz_gr_sparse_max,dbz_gr_interp,sw_gr_sparse,sw_gr_sparse_min,sw_gr_sparse_max,dbz_dpr,pre_dpr,cfb,scan_id,time,nsrr_dpr,srr_dpr,binRealSurface,typePrecip,flagPrecip",,True,True,True,19.340063095092773,38.50126266479492,114.1240005493164,126.51993560791016,1334760,57011,0.04271254757409572,129103,0.09672375558152776,7533,8375,105695,0.07918652042314724,1323204,11556,1217509,105695,0.9201219161973513,1199335,1114991,84344,43764,43764,61931,72092,0.6700000166893005,4.074999809265137,7.345000267028809,29.025899696350063,291.7449951171875,39319,8441,3598,1719,425,17505,3406,464,871,22246,0,135425,True,0,0,ok,0,,train
2A.GPM.DPR.V9-20211125.20170515-S122106-E135340.018247.V07A,2A.GPM.DPR.V9-20211125.20170515-S122106-E135340.018247.V07A.nc,/storage/GR_DPR_3D/GRToDPRRes_V07_Pct_V1.2.1_sw_260412/2A.GPM.DPR.V9-20211125.20170515-S122106-E135340.018247.V07A.nc,97117969,2017-05-15,2017-05-15T13:18:42,2017-05-15T13:23:03,018247,373,49,60,23,"z,p,t,q,lat,lon,dbz_gr_sparse,dbz_gr_sparse_min,dbz_gr_sparse_max,dbz_gr_interp,sw_gr_sparse,sw_gr_sparse_min,sw_gr_sparse_max,dbz_dpr,pre_dpr,cfb,scan_id,time,nsrr_dpr,srr_dpr,binRealSurface,typePrecip,flagPrecip",,True,True,True,25.784318923950195,41.45341873168945,112.79488372802734,124.44482421875,1096620,78476,0.07156170779303679,169877,0.15490963141288688,14140,19135,104914,0.095670332476154,1085659,10961,980745,104914,0.9033637633916358,987186,902374,84812,30007,30007,74907,91401,0.6499999761581421,2.6599998474121094,4.229999709129333,16.270000457763672,299.260009765625,35303,4209,1905,807,145,13219,3645,132,1281,18277,0,109434,True,0,0,ok,0,,train
2A.GPM.DPR.V9-20211125.20170516-S034656-E051930.018257.V07A,2A.GPM.DPR.V9-20211125.20170516-S034656-E051930.018257.V07A.nc,/storage/GR_DPR_3D/GRToDPRRes_V07_Pct_V1.2.1_sw_260412/2A.GPM.DPR.V9-20211125.20170516-S034656-E051930.018257.V07A.nc,52345681,2017-05-16,2017-05-16T04:18:00,2017-05-16T04:20:20,018257,201,49,60,23,"z,p,t,q,lat,lon,dbz_gr_sparse,dbz_gr_sparse_min,dbz_gr_sparse_max,dbz_gr_interp,sw_gr_sparse,sw_gr_sparse_min,sw_gr_sparse_max,dbz_dpr,pre_dpr,cfb,scan_id,time,nsrr_dpr,srr_dpr,binRealSurface,typePrecip,flagPrecip",,True,True,True,27.288654327392578,36.34022521972656,103.17900848388672,110.16754150390625,590940,390,0.000659965478728805,2480,0.0041967035570447085,324,225,0,0.0,563438,27502,563438,0,1.0,505664,505664,0,0,0,0,2090,,,,,,0,0,0,0,0,9849,0,0,0,9849,0,85276,True,0,0,ok,0,,train
2A.GPM.DPR.V9-20211125.20170516-S112951-E130224.018262.V07A,2A.GPM.DPR.V9-20211125.20170516-S112951-E130224.018262.V07A.nc,/storage/GR_DPR_3D/GRToDPRRes_V07_Pct_V1.2.1_sw_260412/2A.GPM.DPR.V9-20211125.20170516-S112951-E130224.018262.V07A.nc,40111135,2017-05-16,2017-05-16T12:26:57,2017-05-16T12:28:44,018262,154,49,60,23,"z,p,t,q,lat,lon,dbz_gr_sparse,dbz_gr_sparse_min,dbz_gr_sparse_max,dbz_gr_interp,sw_gr_sparse,sw_gr_sparse_min,sw_gr_sparse_max,dbz_dpr,pre_dpr,cfb,scan_id,time,nsrr_dpr,srr_dpr,binRealSurface,typePrecip,flagPrecip",,True,True,True,36.04462814331055,43.06782531738281,120.03385162353516,126.99030303955078,452760,2604,0.00575139146567718,12443,0.0274825514621433,1306,667,653,0.001442265217775422,450729,2031,450076,653,0.9985512358867523,409585,409043,542,141,141,512,9839,0.3100000023841858,0.9579999804496772,1.5239999771118162,3.7695999813079837,3.934999942779541,60,0,0,0,0,7473,15,1,57,7546,0,43175,True,0,0,ok,0,,train
2A.GPM.DPR.V9-20211125.20170516-S130225-E143459.018263.V07A,2A.GPM.DPR.V9-20211125.20170516-S130225-E143459.018263.V07A.nc,/storage/GR_DPR_3D/GRToDPRRes_V07_Pct_V1.2.1_sw_260412/2A.GPM.DPR.V9-20211125.20170516-S130225-E143459.018263.V07A.nc,81760033,2017-05-16,2017-05-16T14:02:54,2017-05-16T14:06:33,018263,314,49,60,23,"z,p,t,q,lat,lon,dbz_gr_sparse,dbz_gr_sparse_min,dbz_gr_sparse_max,dbz_gr_interp,sw_gr_sparse,sw_gr_sparse_min,sw_gr_sparse_max,dbz_dpr,pre_dpr,cfb,scan_id,time,nsrr_dpr,srr_dpr,binRealSurface,typePrecip,flagPrecip",,True,True,True,18.2128849029541,31.830238342285156,104.57762908935547,113.21614837646484,923160,6762,0.00732484076433121,25539,0.02766476017158456,3112,3593,3706,0.004014472030850557,903686,19474,899980,3706,0.9958990180217465,815398,812587,2811,505,505,3201,18777,0.949999988079071,8.865000247955322,17.251250743865967,31.879501056671142,57.26499938964844,1808,628,335,139,8,15222,55,92,17,15386,0,107762,True,0,0,ok,0,,train
2A.GPM.DPR.V9-20211125.20170518-S020423-E033657.018287.V07A,2A.GPM.DPR.V9-20211125.20170518-S020423-E033657.018287.V07A.nc,/storage/GR_DPR_3D/GRToDPRRes_V07_Pct_V1.2.1_sw_260412/2A.GPM.DPR.V9-20211125.20170518-S020423-E033657.018287.V07A.nc,78376081,2017-05-18,2017-05-18T02:33:22,2017-05-18T02:36:52,018287,301,49,60,23,"z,p,t,q,lat,lon,dbz_gr_sparse,dbz_gr_sparse_min,dbz_gr_sparse_max,dbz_gr_interp,sw_gr_sparse,sw_gr_sparse_min,sw_gr_sparse_max,dbz_dpr,pre_dpr,cfb,scan_id,time,nsrr_dpr,srr_dpr,binRealSurface,typePrecip,flagPrecip",,True,True,True,20.097320556640625,33.23442840576172,116.80703735351562,125.34498596191406,884940,2631,0.0029730829208759915,12820,0.014486857866070017,1182,1309,17514,0.019791172282866636,882762,2178,865248,17514,0.9801599978250083,801902,787543,14359,523,523,16991,10189,0.6449999809265137,6.933500051498417,14.343500232696519,42.40790054321272,118.83000183105469,6831,2285,1241,605,121,13909,426,213,201,14749,0,83038,True,0,0,ok,0,,train
2A.GPM.DPR.V9-20211125.20170518-S111952-E125226.018293.V07A,2A.GPM.DPR.V9-20211125.20170518-S111952-E125226.018293.V07A.nc,/storage/GR_DPR_3D/GRToDPRRes_V07_Pct_V1.2.1_sw_260412/2A.GPM.DPR.V9-20211125.20170518-S111952-E125226.018293.V07A.nc,91391281,2017-05-18,2017-05-18T12:17:13,2017-05-18T12:21:18,018293,351,49,60,23,"z,p,t,q,lat,lon,dbz_gr_sparse,dbz_gr_sparse_min,dbz_gr_sparse_max,dbz_gr_interp,sw_gr_sparse,sw_gr_sparse_min,sw_gr_sparse_max,dbz_dpr,pre_dpr,cfb,scan_id,time,nsrr_dpr,srr_dpr,binRealSurface,typePrecip,flagPrecip",,True,True,True,27.518665313720703,42.27016830444336,114.46186828613281,125.87451934814453,1031940,17759,0.017209333876000543,47417,0.045949376901757856,6502,4584,15,1.4535728821443106e-05,1023721,8219,1023706,15,0.9999853475702852,929327,929316,11,2,2,13,29658,0.33000001311302185,1.0069999933242795,1.4990000128746024,1.9358000636100765,2.0450000762939453,2,0,0,0,0,17198,0,1,0,17199,0,102613,True,0,0,ok,0,,train
2A.GPM.DPR.V9-20211125.20170518-S125227-E142501.018294.V07A,2A.GPM.DPR.V9-20211125.20170518-S125227-E142501.018294.V07A.nc,/storage/GR_DPR_3D/GRToDPRRes_V07_Pct_V1.2.1_sw_260412/2A.GPM.DPR.V9-20211125.20170518-S125227-E142501.018294.V07A.nc,52085377,2017-05-18,2017-05-18T13:54:56,2017-05-18T13:57:15,018294,200,49,60,23,"z,p,t,q,lat,lon,dbz_gr_sparse,dbz_gr_sparse_min,dbz_gr_sparse_max,dbz_gr_interp,sw_gr_sparse,sw_gr_sparse_min,sw_gr_sparse_max,dbz_dpr,pre_dpr,cfb,scan_id,time,nsrr_dpr,srr_dpr,binRealSurface,typePrecip,flagPrecip",,True,True,True,15.88205337524414,24.95269775390625,102.07461547851562,107.99159240722656,588000,46,7.823129251700681e-05,745,0.0012670068027210884,31,6,14566,0.024772108843537415,567111,20889,552545,14566,0.9743154338392308,508563,498831,9732,27,27,14539,699,0.5099999904632568,1.7024999856948853,2.383750021457672,4.42525002956391,52.654998779296875,3444,99,28,22,6,8971,497,301,31,9800,0,79437,True,0,0,ok,0,,train
2A.GPM.DPR.V9-20211125.20170519-S024541-E041815.018303.V07A,2A.GPM.DPR.V9-20211125.20170519-S024541-E041815.018303.V07A.nc,/storage/GR_DPR_3D/GRToDPRRes_V07_Pct_V1.2.1_sw_260412/2A.GPM.DPR.V9-20211125.20170519-S024541-E041815.018303.V07A.nc,127833841,2017-05-19,2017-05-19T03:15:21,2017-05-19T03:21:04,018303,491,49,60,23,"z,p,t,q,lat,lon,dbz_gr_sparse,dbz_gr_sparse_min,dbz_gr_sparse_max,dbz_gr_interp,sw_gr_sparse,sw_gr_sparse_min,sw_gr_sparse_max,dbz_dpr,pre_dpr,cfb,scan_id,time,nsrr_dpr,srr_dpr,binRealSurface,typePrecip,flagPrecip",,True,True,True,22.472145080566406,42.876312255859375,103.08824920654297,117.45834350585938,1443540,3449,0.002389265278412791,22691,0.015718996356179946,1638,841,11247,0.0077912631447691096,1352395,91145,1341148,11247,0.9916836427227252,1210013,1202060,7953,1155,1155,10092,19242,0.4699999988079071,1.2549999952316284,1.690000057220459,2.950000047683716,8.735000610351562,1799,10,0,0,0,23271,483,153,152,24059,0,233527,True,0,0,ok,0,,train
2A.GPM.DPR.V9-20211125.20170519-S120110-E133344.018309.V07A,2A.GPM.DPR.V9-20211125.20170519-S120110-E133344.018309.V07A.nc,/storage/GR_DPR_3D/GRToDPRRes_V07_Pct_V1.2.1_sw_260412/2A.GPM.DPR.V9-20211125.20170519-S120110-E133344.018309.V07A.nc,84363073,2017-05-19,2017-05-19T13:01:08,2017-05-19T13:04:54,018309,324,49,60,23,"z,p,t,q,lat,lon,dbz_gr_sparse,dbz_gr_sparse_min,dbz_gr_sparse_max,dbz_gr_interp,sw_gr_sparse,sw_gr_sparse_min,sw_gr_sparse_max,dbz_dpr,pre_dpr,cfb,scan_id,time,nsrr_dpr,srr_dpr,binRealSurface,typePrecip,flagPrecip",,True,True,True,19.605735778808594,33.58747482299805,105.85586547851562,114.93177032470703,952560,6295,0.006608507600571092,24766,0.025999412110523222,1911,2581,13595,0.01427206685143193,927293,25267,913698,13595,0.9853390460188959,832553,821857,10696,1868,1868,11727,18471,0.38999998569488525,1.1100000143051147,1.5099999904632568,2.494999885559082,10.289999961853027,1634,10,1,0,0,15151,469,39,217,15876,0,120007,True,0,0,ok,0,,train
2A.GPM.DPR.V9-20211125.20170520-S110953-E124226.018324.V07A,2A.GPM.DPR.V9-20211125.20170520-S110953-E124226.018324.V07A.nc,/storage/GR_DPR_3D/GRToDPRRes_V07_Pct_V1.2.1_sw_260412/2A.GPM.DPR.V9-20211125.20170520-S110953-E124226.018324.V07A.nc,89048545,2017-05-20,2017-05-20T12:08:37,2017-05-20T12:12:35,018324,342,49,60,23,"z,p,t,q,lat,lon,dbz_gr_sparse,dbz_gr_sparse_min,dbz_gr_sparse_max,dbz_gr_interp,sw_gr_sparse,sw_gr_sparse_min,sw_gr_sparse_max,dbz_dpr,pre_dpr,cfb,scan_id,time,nsrr_dpr,srr_dpr,binRealSurface,typePrecip,flagPrecip",,True,True,True,23.118385314941406,37.70317840576172,111.7249755859375,121.87345886230469,1005480,21432,0.021315192743764172,57052,0.056741058996698096,7700,5140,963,0.0009577515216612961,989834,15646,988871,963,0.9990271095961545,894359,893817,542,342,342,621,35620,0.6349999904632568,3.066999912261964,5.77649974822998,12.199300174713112,17.6200008392334,276,70,11,0,0,16694,46,17,1,16758,0,111121,True,0,0,ok,0,,train
2A.GPM.DPR.V9-20211125.20170521-S010306-E023540.018333.V07A,2A.GPM.DPR.V9-20211125.20170521-S010306-E023540.018333.V07A.nc,/storage/GR_DPR_3D/GRToDPRRes_V07_Pct_V1.2.1_sw_260412/2A.GPM.DPR.V9-20211125.20170521-S010306-E023540.018333.V07A.nc,48180063,2017-05-21,2017-05-21T01:32:46,2017-05-21T01:34:54,018333,185,49,60,23,"z,p,t,q,lat,lon,dbz_gr_sparse,dbz_gr_sparse_min,dbz_gr_sparse_max,dbz_gr_interp,sw_gr_sparse,sw_gr_sparse_min,sw_gr_sparse_max,dbz_dpr,pre_dpr,cfb,scan_id,time,nsrr_dpr,srr_dpr,binRealSurface,typePrecip,flagPrecip",,True,True,True,22.484790802001953,30.967308044433594,120.28327178955078,126.34644317626953,543900,41,7.538150395293253e-05,696,0.0012796469939327082,29,6,7319,0.013456517742232029,540414,3486,533095,7319,0.986456679508673,488413,484028,4385,15,15,7304,655,0.4950000047683716,1.6859999656677238,2.760499978065488,8.476399631500238,51.86499786376953,1538,190,53,23,2,8471,193,378,23,9065,0,55487,True,0,0,ok,0,,train
2A.GPM.DPR.V9-20211125.20170521-S101834-E115108.018339.V07A,2A.GPM.DPR.V9-20211125.20170521-S101834-E115108.018339.V07A.nc,/storage/GR_DPR_3D/GRToDPRRes_V07_Pct_V1.2.1_sw_260412/2A.GPM.DPR.V9-20211125.20170521-S101834-E115108.018339.V07A.nc,72389089,2017-05-21,2017-05-21T11:15:39,2017-05-21T11:18:53,018339,278,49,60,23,"z,p,t,q,lat,lon,dbz_gr_sparse,dbz_gr_sparse_min,dbz_gr_sparse_max,dbz_gr_interp,sw_gr_sparse,sw_gr_sparse_min,sw_gr_sparse_max,dbz_dpr,pre_dpr,cfb,scan_id,time,nsrr_dpr,srr_dpr,binRealSurface,typePrecip,flagPrecip",,True,True,True,31.310989379882812,43.140411376953125,116.07854461669922,126.10248565673828,817320,1412,0.001727597513825674,6526,0.007984632702001664,841,743,4482,0.005483776244310674,808204,9116,803722,4482,0.9944543704312278,732117,729038,3079,75,75,4407,5114,0.36000001430511475,0.7950000166893005,1.034999966621399,1.7559499943256358,2.940000057220459,248,0,0,0,0,13257,264,5,96,13622,0,85203,True,0,0,ok,0,,train
2A.GPM.DPR.V9-20211125.20170521-S115109-E132343.018340.V07A,2A.GPM.DPR.V9-20211125.20170521-S115109-E132343.018340.V07A.nc,/storage/GR_DPR_3D/GRToDPRRes_V07_Pct_V1.2.1_sw_260412/2A.GPM.DPR.V9-20211125.20170521-S115109-E132343.018340.V07A.nc,82020337,2017-05-21,2017-05-21T12:52:02,2017-05-21T12:55:42,018340,315,49,60,23,"z,p,t,q,lat,lon,dbz_gr_sparse,dbz_gr_sparse_min,dbz_gr_sparse_max,dbz_gr_interp,sw_gr_sparse,sw_gr_sparse_min,sw_gr_sparse_max,dbz_dpr,pre_dpr,cfb,scan_id,time,nsrr_dpr,srr_dpr,binRealSurface,typePrecip,flagPrecip",,True,True,True,16.735483169555664,30.422815322875977,101.50325012207031,109.97692108154297,926100,4071,0.004395853579527049,13027,0.014066515495086925,1445,1504,5047,0.00544973544973545,876796,49304,871749,5047,0.9942438149809077,784789,781286,3503,20,20,5027,8956,0.7200000286102295,4.517000389099124,7.397000169754026,26.1254005050659,299.45001220703125,1883,459,163,68,31,15145,157,96,37,15435,0,141311,True,0,0,ok,0,,train
2A.GPM.DPR.V9-20211125.20170523-S005303-E022537.018364.V07A,2A.GPM.DPR.V9-20211125.20170523-S005303-E022537.018364.V07A.nc,/storage/GR_DPR_3D/GRToDPRRes_V07_Pct_V1.2.1_sw_260412/2A.GPM.DPR.V9-20211125.20170523-S005303-E022537.018364.V07A.nc,143972689,2017-05-23,2017-05-23T01:21:36,2017-05-23T01:28:02,018364,553,49,60,23,"z,p,t,q,lat,lon,dbz_gr_sparse,dbz_gr_sparse_min,dbz_gr_sparse_max,dbz_gr_interp,sw_gr_sparse,sw_gr_sparse_min,sw_gr_sparse_max,dbz_dpr,pre_dpr,cfb,scan_id,time,nsrr_dpr,srr_dpr,binRealSurface,typePrecip,flagPrecip",,True,True,True,18.59756851196289,41.6026611328125,112.2489013671875,127.35734558105469,1625820,79639,0.04898389735641092,148003,0.09103283266290241,8315,10033,156403,0.09619945627437232,1611788,14032,1455385,156403,0.9029630447676742,1460771,1340203,120568,64542,64542,91861,68364,0.699999988079071,3.565000057220459,5.630000114440918,12.755000114440918,212.79998779296875,58188,9690,2612,696,61,19445,5764,858,1030,27097,0,165049,True,0,0,ok,0,,train
2A.GPM.DPR.V9-20211125.20170523-S100831-E114105.018370.V07A,2A.GPM.DPR.V9-20211125.20170523-S100831-E114105.018370.V07A.nc,/storage/GR_DPR_3D/GRToDPRRes_V07_Pct_V1.2.1_sw_260412/2A.GPM.DPR.V9-20211125.20170523-S100831-E114105.018370.V07A.nc,100501921,2017-05-23,2017-05-23T11:06:17,2017-05-23T11:10:46,018370,386,49,60,23,"z,p,t,q,lat,lon,dbz_gr_sparse,dbz_gr_sparse_min,dbz_gr_sparse_max,dbz_gr_interp,sw_gr_sparse,sw_gr_sparse_min,sw_gr_sparse_max,dbz_dpr,pre_dpr,cfb,scan_id,time,nsrr_dpr,srr_dpr,binRealSurface,typePrecip,flagPrecip",,True,True,True,24.70577621459961,40.92104721069336,111.68724822998047,123.45899200439453,1134840,42532,0.037478411053540585,80920,0.07130520602023192,5824,9630,52771,0.04650082831059885,1118814,16026,1066043,52771,0.9528330893249459,1014297,974480,39817,25656,25656,27115,38388,0.6399999856948853,2.934999942779541,4.975000381469727,15.176000213623105,98.63500213623047,17581,2623,1060,331,55,16206,1736,751,221,18914,0,120543,True,0,0,ok,0,,train
2A.GPM.DPR.V9-20211125.20170525-S004258-E021532.018395.V07A,2A.GPM.DPR.V9-20211125.20170525-S004258-E021532.018395.V07A.nc,/storage/GR_DPR_3D/GRToDPRRes_V07_Pct_V1.2.1_sw_260412/2A.GPM.DPR.V9-20211125.20170525-S004258-E021532.018395.V07A.nc,165838225,2017-05-25,2017-05-25T01:11:15,2017-05-25T01:18:40,018395,637,49,60,23,"z,p,t,q,lat,lon,dbz_gr_sparse,dbz_gr_sparse_min,dbz_gr_sparse_max,dbz_gr_interp,sw_gr_sparse,sw_gr_sparse_min,sw_gr_sparse_max,dbz_dpr,pre_dpr,cfb,scan_id,time,nsrr_dpr,srr_dpr,binRealSurface,typePrecip,flagPrecip",,True,True,True,17.64481544494629,43.89049530029297,105.60216522216797,123.08094787597656,1872780,16317,0.008712715855572999,72953,0.038954388662843474,8097,5771,53495,0.028564487019297514,1857550,15230,1804055,53495,0.9712013135581815,1686774,1642533,44241,5290,5290,48205,56636,0.6349999904632568,2.7699999809265137,4.211500072479226,9.619999885559082,78.32499694824219,18564,1952,491,151,34,28983,1685,146,399,31213,0,186006,True,0,0,ok,0,,train
2A.GPM.DPR.V9-20211125.20170525-S095826-E113100.018401.V07A,2A.GPM.DPR.V9-20211125.20170525-S095826-E113100.018401.V07A.nc,/storage/GR_DPR_3D/GRToDPRRes_V07_Pct_V1.2.1_sw_260412/2A.GPM.DPR.V9-20211125.20170525-S095826-E113100.018401.V07A.nc,91391281,2017-05-25,2017-05-25T10:57:37,2017-05-25T11:01:42,018401,351,49,60,23,"z,p,t,q,lat,lon,dbz_gr_sparse,dbz_gr_sparse_min,dbz_gr_sparse_max,dbz_gr_interp,sw_gr_sparse,sw_gr_sparse_min,sw_gr_sparse_max,dbz_dpr,pre_dpr,cfb,scan_id,time,nsrr_dpr,srr_dpr,binRealSurface,typePrecip,flagPrecip",,True,True,True,21.201480865478516,36.19988250732422,108.90872955322266,118.9364242553711,1031940,6609,0.006404442118727833,20517,0.019881969881969882,3562,3406,685,0.0006637982828459019,1015491,16449,1014806,685,0.9993254494623783,917521,916870,651,335,335,350,13908,0.3449999988079071,0.587999999523163,0.6600000262260437,1.081600041389465,3.0250000953674316,14,0,0,0,0,17101,12,3,83,17199,0,114419,True,0,0,ok,0,,train
2A.GPM.DPR.V9-20211125.20170525-S235138-E012412.018410.V07A,2A.GPM.DPR.V9-20211125.20170525-S235138-E012412.018410.V07A.nc,/storage/GR_DPR_3D/GRToDPRRes_V07_Pct_V1.2.1_sw_260412/2A.GPM.DPR.V9-20211125.20170525-S235138-E012412.018410.V07A.nc,118202593,2017-05-25,2017-05-26T00:20:18,2017-05-26T00:25:35,018410,454,49,60,23,"z,p,t,q,lat,lon,dbz_gr_sparse,dbz_gr_sparse_min,dbz_gr_sparse_max,dbz_gr_interp,sw_gr_sparse,sw_gr_sparse_min,sw_gr_sparse_max,dbz_dpr,pre_dpr,cfb,scan_id,time,nsrr_dpr,srr_dpr,binRealSurface,typePrecip,flagPrecip",,True,True,True,19.017845153808594,38.19471740722656,114.82218933105469,127.14171600341797,1334760,3186,0.0023869459678144385,9265,0.006941322784620456,1765,1823,443,0.0003318948724864395,1326853,7907,1326410,443,0.9996661272951864,1201762,1201511,251,0,0,443,6079,0.6599999666213989,2.4450000286102305,4.212500095367431,7.775399913787831,8.40999984741211,147,11,0,0,0,22212,2,32,0,22246,0,132998,True,0,0,ok,0,,train
2A.GPM.DPR.V9-20211125.20170526-S090706-E103940.018416.V07A,2A.GPM.DPR.V9-20211125.20170526-S090706-E103940.018416.V07A.nc,/storage/GR_DPR_3D/GRToDPRRes_V07_Pct_V1.2.1_sw_260412/2A.GPM.DPR.V9-20211125.20170526-S090706-E103940.018416.V07A.nc,97117969,2017-05-26,2017-05-26T10:04:36,2017-05-26T10:08:56,018416,373,49,60,23,"z,p,t,q,lat,lon,dbz_gr_sparse,dbz_gr_sparse_min,dbz_gr_sparse_max,dbz_gr_interp,sw_gr_sparse,sw_gr_sparse_min,sw_gr_sparse_max,dbz_dpr,pre_dpr,cfb,scan_id,time,nsrr_dpr,srr_dpr,binRealSurface,typePrecip,flagPrecip",,True,True,True,26.10576057434082,41.75871276855469,113.3958740234375,125.12969207763672,1096620,6137,0.005596286772081487,17996,0.01641042475971622,3648,3677,7965,0.007263227006620343,1086847,9773,1078882,7965,0.9926714615764685,987128,980569,6559,18,18,7947,11859,0.49000000953674316,1.4800000190734863,1.9800000190734863,3.21679995536804,6.514999866485596,1767,12,0,0,0,17918,259,8,92,18277,0,109492,True,0,0,ok,0,,train
2A.GPM.DPR.V9-20211125.20170527-S003252-E020526.018426.V07A,2A.GPM.DPR.V9-20211125.20170527-S003252-E020526.018426.V07A.nc,/storage/GR_DPR_3D/GRToDPRRes_V07_Pct_V1.2.1_sw_260412/2A.GPM.DPR.V9-20211125.20170527-S003252-E020526.018426.V07A.nc,102844657,2017-05-27,2017-05-27T01:03:50,2017-05-27T01:08:26,018426,395,49,60,23,"z,p,t,q,lat,lon,dbz_gr_sparse,dbz_gr_sparse_min,dbz_gr_sparse_max,dbz_gr_interp,sw_gr_sparse,sw_gr_sparse_min,sw_gr_sparse_max,dbz_dpr,pre_dpr,cfb,scan_id,time,nsrr_dpr,srr_dpr,binRealSurface,typePrecip,flagPrecip",,True,True,True,26.954988479614258,43.469661712646484,103.86759185791016,116.49444580078125,1161300,3334,0.002870920520106777,11799,0.010160165331955568,920,865,3311,0.0028511151295961424,1090559,70741,1087248,3311,0.9969639423451643,979099,976427,2672,1552,1552,1759,8465,0.47999998927116394,1.3650000095367432,1.9874999523162842,4.028499984741221,10.130000114440918,659,15,1,0,0,19157,104,9,85,19355,0,182201,True,0,0,ok,0,,train
2A.GPM.DPR.V9-20211125.20170527-S081545-E094819.018431.V07A,2A.GPM.DPR.V9-20211125.20170527-S081545-E094819.018431.V07A.nc,/storage/GR_DPR_3D/GRToDPRRes_V07_Pct_V1.2.1_sw_260412/2A.GPM.DPR.V9-20211125.20170527-S081545-E094819.018431.V07A.nc,29439327,2017-05-27,2017-05-27T09:12:46,2017-05-27T09:14:04,018431,113,49,60,23,"z,p,t,q,lat,lon,dbz_gr_sparse,dbz_gr_sparse_min,dbz_gr_sparse_max,dbz_gr_interp,sw_gr_sparse,sw_gr_sparse_min,sw_gr_sparse_max,dbz_dpr,pre_dpr,cfb,scan_id,time,nsrr_dpr,srr_dpr,binRealSurface,typePrecip,flagPrecip",,True,True,True,37.913543701171875,43.3701057434082,120.64039611816406,126.53711700439453,332220,240,0.0007224128589488893,1681,0.005059900066221179,184,133,0,0.0,329773,2447,329773,0,1.0,299228,299228,0,0,0,0,1441,,,,,,0,0,0,0,0,5537,0,0,0,5537,0,32992,True,0,0,ok,0,,train
2A.GPM.DPR.V9-20211125.20170527-S094820-E112054.018432.V07A,2A.GPM.DPR.V9-20211125.20170527-S094820-E112054.018432.V07A.nc,/storage/GR_DPR_3D/GRToDPRRes_V07_Pct_V1.2.1_sw_260412/2A.GPM.DPR.V9-20211125.20170527-S094820-E112054.018432.V07A.nc,81499729,2017-05-27,2017-05-27T10:48:42,2017-05-27T10:52:21,018432,313,49,60,23,"z,p,t,q,lat,lon,dbz_gr_sparse,dbz_gr_sparse_min,dbz_gr_sparse_max,dbz_gr_interp,sw_gr_sparse,sw_gr_sparse_min,sw_gr_sparse_max,dbz_dpr,pre_dpr,cfb,scan_id,time,nsrr_dpr,srr_dpr,binRealSurface,typePrecip,flagPrecip",,True,True,True,18.604156494140625,32.172706604003906,105.24429321289062,113.9124526977539,920220,696,0.0007563408750081502,3524,0.0038295190280585078,464,342,1370,0.001488774423507422,900545,19675,899175,1370,0.9984786990100439,811176,810235,941,13,13,1357,2828,0.6274999976158142,2.7249999046325684,3.5999999046325684,5.564900369644149,7.760000228881836,490,34,0,0,0,15242,15,77,3,15337,0,109044,True,0,0,ok,0,,train
2A.GPM.DPR.V9-20211125.20170527-S234131-E011405.018441.V07A,2A.GPM.DPR.V9-20211125.20170527-S234131-E011405.018441.V07A.nc,/storage/GR_DPR_3D/GRToDPRRes_V07_Pct_V1.2.1_sw_260412/2A.GPM.DPR.V9-20211125.20170527-S234131-E011405.018441.V07A.nc,165838225,2017-05-27,2017-05-28T00:09:31,2017-05-28T00:16:56,018441,637,49,60,23,"z,p,t,q,lat,lon,dbz_gr_sparse,dbz_gr_sparse_min,dbz_gr_sparse_max,dbz_gr_interp,sw_gr_sparse,sw_gr_sparse_min,sw_gr_sparse_max,dbz_dpr,pre_dpr,cfb,scan_id,time,nsrr_dpr,srr_dpr,binRealSurface,typePrecip,flagPrecip",,True,True,True,16.680267333984375,43.00220489501953,107.56858825683594,124.69576263427734,1872780,13553,0.0072368350794006775,49708,0.0265423594869659,7941,6695,3923,0.002094746846933436,1860111,12669,1856188,3923,0.9978909860755621,1687940,1684710,3230,711,711,3212,36155,0.36000001430511475,1.3740000009536752,2.0749998092651367,3.9294999217987,8.875,599,22,0,0,0,30826,43,104,240,31213,0,184840,True,0,0,ok,0,,train
2A.GPM.DPR.V9-20211125.20170529-S080537-E093810.018462.V07A,2A.GPM.DPR.V9-20211125.20170529-S080537-E093810.018462.V07A.nc,/storage/GR_DPR_3D/GRToDPRRes_V07_Pct_V1.2.1_sw_260412/2A.GPM.DPR.V9-20211125.20170529-S080537-E093810.018462.V07A.nc,84102769,2017-05-29,2017-05-29T09:02:51,2017-05-29T09:06:36,018462,323,49,60,23,"z,p,t,q,lat,lon,dbz_gr_sparse,dbz_gr_sparse_min,dbz_gr_sparse_max,dbz_gr_interp,sw_gr_sparse,sw_gr_sparse_min,sw_gr_sparse_max,dbz_dpr,pre_dpr,cfb,scan_id,time,nsrr_dpr,srr_dpr,binRealSurface,typePrecip,flagPrecip",,True,True,True,28.996694564819336,42.620697021484375,115.07811737060547,125.98174285888672,949620,8596,0.009052041869379331,31988,0.03368505296855585,2985,2799,11944,0.01257766264400497,941176,8444,929232,11944,0.9873094936547469,853367,843432,9935,2596,2596,9348,23392,0.42500001192092896,1.1549999713897705,1.5900000154972076,2.982850084304808,16.84000015258789,1603,49,9,0,0,14988,286,17,536,15827,0,96253,True,0,0,ok,0,,train
2A.GPM.DPR.V9-20211125.20170529-S093811-E111045.018463.V07A,2A.GPM.DPR.V9-20211125.20170529-S093811-E111045.018463.V07A.nc,/storage/GR_DPR_3D/GRToDPRRes_V07_Pct_V1.2.1_sw_260412/2A.GPM.DPR.V9-20211125.20170529-S093811-E111045.018463.V07A.nc,52085377,2017-05-29,2017-05-29T10:40:34,2017-05-29T10:42:54,018463,200,49,60,23,"z,p,t,q,lat,lon,dbz_gr_sparse,dbz_gr_sparse_min,dbz_gr_sparse_max,dbz_gr_interp,sw_gr_sparse,sw_gr_sparse_min,sw_gr_sparse_max,dbz_dpr,pre_dpr,cfb,scan_id,time,nsrr_dpr,srr_dpr,binRealSurface,typePrecip,flagPrecip",,True,True,True,16.20060157775879,25.268863677978516,102.8275146484375,108.76696014404297,588000,48,8.163265306122449e-05,1137,0.0019336734693877551,42,12,826,0.0014047619047619047,571937,16063,571111,826,0.9985557849903048,516006,515410,596,10,10,816,1089,0.6825000047683716,2.569999933242798,3.9262500405311584,12.912499904632568,15.03499984741211,297,35,16,0,0,9749,5,41,5,9800,0,71994,True,0,0,ok,0,,train
2A.GPM.DPR.V9-20211125.20170529-S233122-E010355.018472.V07A,2A.GPM.DPR.V9-20211125.20170529-S233122-E010355.018472.V07A.nc,/storage/GR_DPR_3D/GRToDPRRes_V07_Pct_V1.2.1_sw_260412/2A.GPM.DPR.V9-20211125.20170529-S233122-E010355.018472.V07A.nc,135382657,2017-05-29,2017-05-30T00:00:53,2017-05-30T00:06:56,018472,520,49,60,23,"z,p,t,q,lat,lon,dbz_gr_sparse,dbz_gr_sparse_min,dbz_gr_sparse_max,dbz_gr_interp,sw_gr_sparse,sw_gr_sparse_min,sw_gr_sparse_max,dbz_dpr,pre_dpr,cfb,scan_id,time,nsrr_dpr,srr_dpr,binRealSurface,typePrecip,flagPrecip",,True,True,True,21.978567123413086,43.50846862792969,103.78038024902344,118.93211364746094,1528800,17650,0.011545002616431188,74723,0.0488768969126112,3842,2181,65763,0.04301609105180534,1447401,81399,1381638,65763,0.9545647681603094,1296904,1245318,51586,12506,12506,53257,57073,0.6600000262260437,2.315000057220459,3.315000057220459,6.533800115585301,28.920000076293945,21997,1310,242,28,0,22374,2255,207,644,25480,0,231896,True,0,0,ok,0,,train
2A.GPM.DPR.V9-20211125.20170531-S075526-E092759.018493.V07A,2A.GPM.DPR.V9-20211125.20170531-S075526-E092759.018493.V07A.nc,/storage/GR_DPR_3D/GRToDPRRes_V07_Pct_V1.2.1_sw_260412/2A.GPM.DPR.V9-20211125.20170531-S075526-E092759.018493.V07A.nc,96597361,2017-05-31,2017-05-31T08:53:43,2017-05-31T08:58:02,018493,371,49,60,23,"z,p,t,q,lat,lon,dbz_gr_sparse,dbz_gr_sparse_min,dbz_gr_sparse_max,dbz_gr_interp,sw_gr_sparse,sw_gr_sparse_min,sw_gr_sparse_max,dbz_dpr,pre_dpr,cfb,scan_id,time,nsrr_dpr,srr_dpr,binRealSurface,typePrecip,flagPrecip",,True,True,True,23.496532440185547,39.18873596191406,111.60554504394531,122.64759826660156,1090740,5479,0.005023195261932266,22539,0.02066395291270147,2963,2610,2700,0.002475383684471093,1073794,16946,1071094,2700,0.9974855512323593,970411,968554,1857,895,895,1805,17060,0.6800000071525574,3.4495001554489093,7.87699999809264,13.825049810409544,21.459999084472656,1063,188,70,2,0,18014,57,100,8,18179,0,120329,True,0,0,ok,0,,train
2A.GPM.DPR.V9-20211125.20170602-S074439-E091711.018524.V07A,2A.GPM.DPR.V9-20211125.20170602-S074439-E091711.018524.V07A.nc,/storage/GR_DPR_3D/GRToDPRRes_V07_Pct_V1.2.1_sw_260412/2A.GPM.DPR.V9-20211125.20170602-S074439-E091711.018524.V07A.nc,91391281,2017-06-02,2017-06-02T08:43:57,2017-06-02T08:48:02,018524,351,49,60,23,"z,p,t,q,lat,lon,dbz_gr_sparse,dbz_gr_sparse_min,dbz_gr_sparse_max,dbz_gr_interp,sw_gr_sparse,sw_gr_sparse_min,sw_gr_sparse_max,dbz_dpr,pre_dpr,cfb,scan_id,time,nsrr_dpr,srr_dpr,binRealSurface,typePrecip,flagPrecip",,True,True,True,20.756298065185547,35.76994705200195,107.9654769897461,117.90679931640625,1031940,27756,0.026896912611198327,58641,0.056825978254549686,4325,5300,33851,0.032803263755644706,1011608,20332,977757,33851,0.9665374334722541,912830,884025,28805,18144,18144,15707,30885,0.699999988079071,4.779999732971191,8.050000190734863,18.61500072479248,299.8399963378906,12756,3238,1196,323,79,15829,593,396,381,17199,0,119110,True,0,0,ok,0,,train
2A.GPM.DPR.V9-20211125.20170602-S213737-E231009.018533.V07A,2A.GPM.DPR.V9-20211125.20170602-S213737-E231009.018533.V07A.nc,/storage/GR_DPR_3D/GRToDPRRes_V07_Pct_V1.2.1_sw_260412/2A.GPM.DPR.V9-20211125.20170602-S213737-E231009.018533.V07A.nc,124970497,2017-06-02,2017-06-02T22:06:25,2017-06-02T22:12:00,018533,480,49,60,23,"z,p,t,q,lat,lon,dbz_gr_sparse,dbz_gr_sparse_min,dbz_gr_sparse_max,dbz_gr_interp,sw_gr_sparse,sw_gr_sparse_min,sw_gr_sparse_max,dbz_dpr,pre_dpr,cfb,scan_id,time,nsrr_dpr,srr_dpr,binRealSurface,typePrecip,flagPrecip",,True,True,True,19.49489974975586,39.6541748046875,113.86055755615234,127.03423309326172,1411200,19283,0.013664257369614512,69614,0.049329648526077095,5465,4923,37878,0.026840986394557825,1398987,12213,1361109,37878,0.972924694797021,1265273,1235191,30082,8801,8801,29077,50331,0.75,4.809999942779541,9.310750436782843,27.75,298.93499755859375,15197,3603,1742,689,106,21869,704,703,244,23520,0,145927,True,0,0,ok,0,,train
2A.GPM.DPR.V9-20211125.20170604-S060112-E073344.018554.V07A,2A.GPM.DPR.V9-20211125.20170604-S060112-E073344.018554.V07A.nc,/storage/GR_DPR_3D/GRToDPRRes_V07_Pct_V1.2.1_sw_260412/2A.GPM.DPR.V9-20211125.20170604-S060112-E073344.018554.V07A.nc,44796319,2017-06-04,2017-06-04T06:58:06,2017-06-04T07:00:06,018554,172,49,60,23,"z,p,t,q,lat,lon,dbz_gr_sparse,dbz_gr_sparse_min,dbz_gr_sparse_max,dbz_gr_interp,sw_gr_sparse,sw_gr_sparse_min,sw_gr_sparse_max,dbz_dpr,pre_dpr,cfb,scan_id,time,nsrr_dpr,srr_dpr,binRealSurface,typePrecip,flagPrecip",,True,True,True,35.968048095703125,43.6662483215332,119.33792877197266,126.86372375488281,505680,1108,0.002191109001740231,8067,0.01595277645942098,660,254,1885,0.0037276538522385697,502716,2964,500831,1885,0.9962503680010185,456186,454704,1482,58,58,1827,6959,0.7000000476837158,3.9080001354217537,6.690999794006347,16.43859939575196,24.34000015258789,744,142,50,15,0,8318,42,24,44,8428,0,49494,True,0,0,ok,0,,train
2A.GPM.DPR.V9-20211125.20170604-S073345-E090617.018555.V07A,2A.GPM.DPR.V9-20211125.20170604-S073345-E090617.018555.V07A.nc,/storage/GR_DPR_3D/GRToDPRRes_V07_Pct_V1.2.1_sw_260412/2A.GPM.DPR.V9-20211125.20170604-S073345-E090617.018555.V07A.nc,81760033,2017-06-04,2017-06-04T08:34:13,2017-06-04T08:37:52,018555,314,49,60,23,"z,p,t,q,lat,lon,dbz_gr_sparse,dbz_gr_sparse_min,dbz_gr_sparse_max,dbz_gr_interp,sw_gr_sparse,sw_gr_sparse_min,sw_gr_sparse_max,dbz_dpr,pre_dpr,cfb,scan_id,time,nsrr_dpr,srr_dpr,binRealSurface,typePrecip,flagPrecip",,True,True,True,18.180286407470703,31.798725128173828,104.4317855834961,113.06017303466797,923160,4395,0.0047608215260626545,19471,0.02109168508167598,1988,1583,5584,0.006048788942328524,903148,20012,897564,5584,0.993817181680079,814705,810899,3806,1173,1173,4411,15076,0.6899999976158142,3.2085000038146965,5.814750123023968,10.649999618530273,27.674999237060547,1940,322,95,2,0,15051,92,230,13,15386,0,108455,True,0,0,ok,0,,train
2A.GPM.DPR.V9-20211125.20170604-S212643-E225915.018564.V07A,2A.GPM.DPR.V9-20211125.20170604-S212643-E225915.018564.V07A.nc,/storage/GR_DPR_3D/GRToDPRRes_V07_Pct_V1.2.1_sw_260412/2A.GPM.DPR.V9-20211125.20170604-S212643-E225915.018564.V07A.nc,165838225,2017-06-04,2017-06-04T21:54:49,2017-06-04T22:02:14,018564,637,49,60,23,"z,p,t,q,lat,lon,dbz_gr_sparse,dbz_gr_sparse_min,dbz_gr_sparse_max,dbz_gr_interp,sw_gr_sparse,sw_gr_sparse_min,sw_gr_sparse_max,dbz_dpr,pre_dpr,cfb,scan_id,time,nsrr_dpr,srr_dpr,binRealSurface,typePrecip,flagPrecip",,True,True,True,17.05551528930664,43.34965896606445,106.75051879882812,124.01072692871094,1872780,91252,0.04872542423562832,208689,0.11143273635985006,12207,11139,153153,0.08177842565597668,1861332,11448,1708179,153153,0.9177186015176229,1690898,1564928,125970,69246,69246,83907,117437,0.8300000429153442,4.550000190734863,7.289999961853027,18.33739959716802,299.43499755859375,67146,13421,4607,1295,95,25080,3741,1664,728,31213,0,181882,True,0,0,ok,0,,train
2A.GPM.DPR.V9-20211125.20170605-S064201-E081433.018570.V07A,2A.GPM.DPR.V9-20211125.20170605-S064201-E081433.018570.V07A.nc,/storage/GR_DPR_3D/GRToDPRRes_V07_Pct_V1.2.1_sw_260412/2A.GPM.DPR.V9-20211125.20170605-S064201-E081433.018570.V07A.nc,91391281,2017-06-05,2017-06-05T07:41:02,2017-06-05T07:45:07,018570,351,49,60,23,"z,p,t,q,lat,lon,dbz_gr_sparse,dbz_gr_sparse_min,dbz_gr_sparse_max,dbz_gr_interp,sw_gr_sparse,sw_gr_sparse_min,sw_gr_sparse_max,dbz_dpr,pre_dpr,cfb,scan_id,time,nsrr_dpr,srr_dpr,binRealSurface,typePrecip,flagPrecip",,True,True,True,21.766996383666992,36.74817657470703,109.98798370361328,120.1148452758789,1031940,50791,0.04921894683799446,119680,0.11597573502335407,6567,5678,93461,0.09056825009205961,1016667,15273,923206,93461,0.9080711776815811,918409,846043,72366,39834,39834,53627,68889,0.6549999713897705,4.640000343322754,8.184999465942383,23.210000228881544,299.7300109863281,32901,8691,3406,1211,250,12984,2952,900,363,17199,0,113531,True,0,0,ok,0,,train
2A.GPM.DPR.V9-20211125.20170605-S203459-E220731.018579.V07A,2A.GPM.DPR.V9-20211125.20170605-S203459-E220731.018579.V07A.nc,/storage/GR_DPR_3D/GRToDPRRes_V07_Pct_V1.2.1_sw_260412/2A.GPM.DPR.V9-20211125.20170605-S203459-E220731.018579.V07A.nc,78115777,2017-06-05,2017-06-05T21:03:57,2017-06-05T21:07:26,018579,300,49,60,23,"z,p,t,q,lat,lon,dbz_gr_sparse,dbz_gr_sparse_min,dbz_gr_sparse_max,dbz_gr_interp,sw_gr_sparse,sw_gr_sparse_min,sw_gr_sparse_max,dbz_dpr,pre_dpr,cfb,scan_id,time,nsrr_dpr,srr_dpr,binRealSurface,typePrecip,flagPrecip",,True,True,True,20.100101470947266,33.197303771972656,116.8237075805664,125.33280944824219,882000,9731,0.011032879818594105,33406,0.03787528344671202,1986,2454,36802,0.04172562358276644,879871,2129,843069,36802,0.958173414057288,799825,772020,27805,5753,5753,31049,23675,0.7300000190734863,5.159999847412109,7.690000057220459,15.34490026473997,46.00499725341797,15257,3817,1013,149,0,12923,1014,691,72,14700,0,82175,True,0,0,ok,0,,train
2A.GPM.DPR.V9-20211125.20170606-S055017-E072249.018585.V07A,2A.GPM.DPR.V9-20211125.20170606-S055017-E072249.018585.V07A.nc,/storage/GR_DPR_3D/GRToDPRRes_V07_Pct_V1.2.1_sw_260412/2A.GPM.DPR.V9-20211125.20170606-S055017-E072249.018585.V07A.nc,91391281,2017-06-06,2017-06-06T06:47:37,2017-06-06T06:51:42,018585,351,49,60,23,"z,p,t,q,lat,lon,dbz_gr_sparse,dbz_gr_sparse_min,dbz_gr_sparse_max,dbz_gr_interp,sw_gr_sparse,sw_gr_sparse_min,sw_gr_sparse_max,dbz_dpr,pre_dpr,cfb,scan_id,time,nsrr_dpr,srr_dpr,binRealSurface,typePrecip,flagPrecip",,True,True,True,27.537036895751953,42.28767013549805,114.50804138183594,125.92050170898438,1031940,4814,0.004664999903095142,15266,0.014793495745876697,2339,2352,3648,0.0035350892493749638,1024168,7772,1020520,3648,0.9964380843767819,928195,925846,2349,312,312,3336,10452,0.5450000166893005,2.02150001525879,2.611499857902523,6.271499986648547,10.010000228881836,927,55,1,0,0,16960,132,97,10,17199,0,103745,True,0,0,ok,0,,train
2A.GPM.DPR.V9-20211125.20170606-S072250-E085522.018586.V07A,2A.GPM.DPR.V9-20211125.20170606-S072250-E085522.018586.V07A.nc,/storage/GR_DPR_3D/GRToDPRRes_V07_Pct_V1.2.1_sw_260412/2A.GPM.DPR.V9-20211125.20170606-S072250-E085522.018586.V07A.nc,52085377,2017-06-06,2017-06-06T08:25:17,2017-06-06T08:27:36,018586,200,49,60,23,"z,p,t,q,lat,lon,dbz_gr_sparse,dbz_gr_sparse_min,dbz_gr_sparse_max,dbz_gr_interp,sw_gr_sparse,sw_gr_sparse_min,sw_gr_sparse_max,dbz_dpr,pre_dpr,cfb,scan_id,time,nsrr_dpr,srr_dpr,binRealSurface,typePrecip,flagPrecip",,True,True,True,15.912240028381348,24.981719970703125,102.13011932373047,108.04231262207031,588000,15,2.5510204081632654e-05,204,0.0003469387755102041,6,1,59096,0.10050340136054421,567192,20808,508096,59096,0.8958095318692788,509340,458788,50552,8,8,59088,189,0.8100000023841858,5.699999809265137,10.649999618530273,37.09224643707289,299.67999267578125,25253,6802,3153,1332,381,7665,919,696,520,9800,0,78660,True,0,0,ok,0,,train
2A.GPM.DPR.V9-20211125.20170606-S211547-E224820.018595.V07A,2A.GPM.DPR.V9-20211125.20170606-S211547-E224820.018595.V07A.nc,/storage/GR_DPR_3D/GRToDPRRes_V07_Pct_V1.2.1_sw_260412/2A.GPM.DPR.V9-20211125.20170606-S211547-E224820.018595.V07A.nc,134862049,2017-06-06,2017-06-06T21:45:26,2017-06-06T21:51:28,018595,518,49,60,23,"z,p,t,q,lat,lon,dbz_gr_sparse,dbz_gr_sparse_min,dbz_gr_sparse_max,dbz_gr_interp,sw_gr_sparse,sw_gr_sparse_min,sw_gr_sparse_max,dbz_dpr,pre_dpr,cfb,scan_id,time,nsrr_dpr,srr_dpr,binRealSurface,typePrecip,flagPrecip",,True,True,True,22.426027297973633,43.8495979309082,103.20201110839844,118.43867492675781,1522920,1219,0.0008004360045176372,8369,0.0054953641688335565,928,457,69,4.530769836892286e-05,1427187,95733,1427118,69,0.9999516531470648,1276229,1276205,24,0,0,69,7150,0.6100000143051147,1.0509999513626098,1.2319999933242782,3.764000129699697,4.75,17,0,0,0,0,25375,0,7,0,25382,0,246691,True,0,0,ok,0,,train
2A.GPM.DPR.V9-20211125.20170608-S053921-E071153.018616.V07A,2A.GPM.DPR.V9-20211125.20170608-S053921-E071153.018616.V07A.nc,/storage/GR_DPR_3D/GRToDPRRes_V07_Pct_V1.2.1_sw_260412/2A.GPM.DPR.V9-20211125.20170608-S053921-E071153.018616.V07A.nc,89048545,2017-06-08,2017-06-08T06:38:02,2017-06-08T06:42:00,018616,342,49,60,23,"z,p,t,q,lat,lon,dbz_gr_sparse,dbz_gr_sparse_min,dbz_gr_sparse_max,dbz_gr_interp,sw_gr_sparse,sw_gr_sparse_min,sw_gr_sparse_max,dbz_dpr,pre_dpr,cfb,scan_id,time,nsrr_dpr,srr_dpr,binRealSurface,typePrecip,flagPrecip",,True,True,True,23.230514526367188,37.81159591674805,111.94206237792969,122.1075210571289,1005480,38008,0.03780085133468592,81891,0.08144468313641245,5665,6982,59650,0.05932489955046346,990791,14689,931141,59650,0.9397955774729484,895215,847627,47588,26015,26015,33635,43883,0.6100000143051147,3.705499935150139,7.382750177383401,21.979999542236328,160.46499633789062,20181,4504,2028,689,89,14065,1597,467,629,16758,0,110265,True,0,0,ok,0,,train
2A.GPM.DPR.V9-20211125.20170608-S193218-E210449.018625.V07A,2A.GPM.DPR.V9-20211125.20170608-S193218-E210449.018625.V07A.nc,/storage/GR_DPR_3D/GRToDPRRes_V07_Pct_V1.2.1_sw_260412/2A.GPM.DPR.V9-20211125.20170608-S193218-E210449.018625.V07A.nc,34124511,2017-06-08,2017-06-08T20:02:12,2017-06-08T20:03:43,018625,131,49,60,23,"z,p,t,q,lat,lon,dbz_gr_sparse,dbz_gr_sparse_min,dbz_gr_sparse_max,dbz_gr_interp,sw_gr_sparse,sw_gr_sparse_min,sw_gr_sparse_max,dbz_dpr,pre_dpr,cfb,scan_id,time,nsrr_dpr,srr_dpr,binRealSurface,typePrecip,flagPrecip",,True,True,True,23.356746673583984,29.670331954956055,121.0660629272461,125.9640121459961,385140,101,0.00026224230150075295,1746,0.004533416420003116,63,25,2443,0.0063431479462013815,383966,1174,381523,2443,0.9936374574832146,348406,346427,1979,23,23,2420,1645,0.3100000023841858,1.0899999141693115,1.6649999618530273,2.5607999610900873,3.9049999713897705,276,0,0,0,0,6187,68,39,125,6419,0,36734,True,0,0,ok,0,,train
2A.GPM.DPR.V9-20211125.20170610-S052823-E070055.018647.V07A,2A.GPM.DPR.V9-20211125.20170610-S052823-E070055.018647.V07A.nc,/storage/GR_DPR_3D/GRToDPRRes_V07_Pct_V1.2.1_sw_260412/2A.GPM.DPR.V9-20211125.20170610-S052823-E070055.018647.V07A.nc,91130977,2017-06-10,2017-06-10T06:27:45,2017-06-10T06:31:49,018647,350,49,60,23,"z,p,t,q,lat,lon,dbz_gr_sparse,dbz_gr_sparse_min,dbz_gr_sparse_max,dbz_gr_interp,sw_gr_sparse,sw_gr_sparse_min,sw_gr_sparse_max,dbz_dpr,pre_dpr,cfb,scan_id,time,nsrr_dpr,srr_dpr,binRealSurface,typePrecip,flagPrecip",,True,True,True,20.539976119995117,35.52065658569336,107.50536346435547,117.38301849365234,1029000,28298,0.027500485908649175,56127,0.054545189504373176,4141,5617,31778,0.0308824101068999,1005556,23444,973778,31778,0.9683975830286926,905245,879154,26091,18556,18556,13222,27829,0.7049999833106995,4.178000116348259,7.885750174522389,24.65494951248166,299.760009765625,12488,2524,1175,479,87,15848,756,388,158,17150,0,123755,True,0,0,ok,0,,train
2A.GPM.DPR.V9-20211125.20170610-S192119-E205351.018656.V07A,2A.GPM.DPR.V9-20211125.20170610-S192119-E205351.018656.V07A.nc,/storage/GR_DPR_3D/GRToDPRRes_V07_Pct_V1.2.1_sw_260412/2A.GPM.DPR.V9-20211125.20170610-S192119-E205351.018656.V07A.nc,144232993,2017-06-10,2017-06-10T19:49:47,2017-06-10T19:56:14,018656,554,49,60,23,"z,p,t,q,lat,lon,dbz_gr_sparse,dbz_gr_sparse_min,dbz_gr_sparse_max,dbz_gr_interp,sw_gr_sparse,sw_gr_sparse_min,sw_gr_sparse_max,dbz_dpr,pre_dpr,cfb,scan_id,time,nsrr_dpr,srr_dpr,binRealSurface,typePrecip,flagPrecip",,True,True,True,18.343557357788086,41.4052848815918,112.72259521484375,127.7811508178711,1628760,14882,0.009137012205604263,35065,0.021528647560107077,3836,4120,17159,0.010535008227117561,1613440,15320,1596281,17159,0.9893649593415311,1460623,1446272,14351,7779,7779,9380,20183,0.7400000095367432,2.619999885559082,4.03000020980835,12.679900455474687,54.76499938964844,6304,633,235,96,4,26439,349,206,152,27146,0,168137,True,0,0,ok,0,,train
2A.GPM.DPR.V9-20211125.20170612-S034451-E051723.018677.V07A,2A.GPM.DPR.V9-20211125.20170612-S034451-E051723.018677.V07A.nc,/storage/GR_DPR_3D/GRToDPRRes_V07_Pct_V1.2.1_sw_260412/2A.GPM.DPR.V9-20211125.20170612-S034451-E051723.018677.V07A.nc,44536031,2017-06-12,2017-06-12T04:41:49,2017-06-12T04:43:48,018677,171,49,60,23,"z,p,t,q,lat,lon,dbz_gr_sparse,dbz_gr_sparse_min,dbz_gr_sparse_max,dbz_gr_interp,sw_gr_sparse,sw_gr_sparse_min,sw_gr_sparse_max,dbz_dpr,pre_dpr,cfb,scan_id,time,nsrr_dpr,srr_dpr,binRealSurface,typePrecip,flagPrecip",,True,True,True,35.77312088012695,43.43830490112305,118.93657684326172,126.39530944824219,502740,1072,0.0021323149142698015,5354,0.010649639972948243,541,442,1973,0.003924493774117834,499463,3277,497490,1973,0.99604975743949,454302,452799,1503,113,113,1860,4282,0.4399999976158142,2.8739999771118163,4.304000282287596,11.748800392150876,20.459999084472656,562,61,28,4,0,8145,78,23,133,8379,0,48438,True,0,0,ok,0,,train
2A.GPM.DPR.V9-20211125.20170612-S051724-E064956.018678.V07A,2A.GPM.DPR.V9-20211125.20170612-S051724-E064956.018678.V07A.nc,/storage/GR_DPR_3D/GRToDPRRes_V07_Pct_V1.2.1_sw_260412/2A.GPM.DPR.V9-20211125.20170612-S051724-E064956.018678.V07A.nc,81760033,2017-06-12,2017-06-12T06:17:56,2017-06-12T06:21:35,018678,314,49,60,23,"z,p,t,q,lat,lon,dbz_gr_sparse,dbz_gr_sparse_min,dbz_gr_sparse_max,dbz_gr_interp,sw_gr_sparse,sw_gr_sparse_min,sw_gr_sparse_max,dbz_dpr,pre_dpr,cfb,scan_id,time,nsrr_dpr,srr_dpr,binRealSurface,typePrecip,flagPrecip",,True,True,True,17.92389488220215,31.54745864868164,103.97821807861328,112.57340240478516,923160,6488,0.0070280341435937435,24154,0.02616447853026561,2580,2387,27608,0.029905975128905065,902143,21017,874535,27608,0.9693973128428641,815059,794090,20969,1739,1739,25869,17666,0.6100000143051147,1.9249999523162842,2.7649998664855957,6.434299960136417,21.389999389648438,8169,472,88,11,0,14061,915,330,80,15386,0,108101,True,0,0,ok,0,,train
2A.GPM.DPR.V9-20211125.20170612-S191020-E204252.018687.V07A,2A.GPM.DPR.V9-20211125.20170612-S191020-E204252.018687.V07A.nc,/storage/GR_DPR_3D/GRToDPRRes_V07_Pct_V1.2.1_sw_260412/2A.GPM.DPR.V9-20211125.20170612-S191020-E204252.018687.V07A.nc,165838225,2017-06-12,2017-06-12T19:38:30,2017-06-12T19:45:55,018687,637,49,60,23,"z,p,t,q,lat,lon,dbz_gr_sparse,dbz_gr_sparse_min,dbz_gr_sparse_max,dbz_gr_interp,sw_gr_sparse,sw_gr_sparse_min,sw_gr_sparse_max,dbz_dpr,pre_dpr,cfb,scan_id,time,nsrr_dpr,srr_dpr,binRealSurface,typePrecip,flagPrecip",,True,True,True,17.326030731201172,43.600528717041016,106.27532196044922,123.63381958007812,1872780,43952,0.023468853789553497,106108,0.05665801642478027,10622,11337,50776,0.02711263469280962,1860246,12534,1809470,50776,0.9727046852943105,1691130,1652269,38861,22503,22503,28273,62156,0.7250000238418579,4.069999694824219,7.06125020980835,25.248748779296875,169.8000030517578,19771,3956,1535,688,189,28639,1223,986,365,31213,0,181650,True,0,0,ok,0,,train
2A.GPM.DPR.V9-20211125.20170613-S042537-E055809.018693.V07A,2A.GPM.DPR.V9-20211125.20170613-S042537-E055809.018693.V07A.nc,/storage/GR_DPR_3D/GRToDPRRes_V07_Pct_V1.2.1_sw_260412/2A.GPM.DPR.V9-20211125.20170613-S042537-E055809.018693.V07A.nc,91391281,2017-06-13,2017-06-13T05:24:42,2017-06-13T05:28:47,018693,351,49,60,23,"z,p,t,q,lat,lon,dbz_gr_sparse,dbz_gr_sparse_min,dbz_gr_sparse_max,dbz_gr_interp,sw_gr_sparse,sw_gr_sparse_min,sw_gr_sparse_max,dbz_dpr,pre_dpr,cfb,scan_id,time,nsrr_dpr,srr_dpr,binRealSurface,typePrecip,flagPrecip",,True,True,True,21.517425537109375,36.506263732910156,109.56344604492188,119.64379119873047,1031940,37043,0.0358964668488478,89890,0.08710777758396807,5652,5751,62312,0.06038335562145086,1016895,15045,954583,62312,0.9387232703474794,918431,871452,46979,26392,26392,35920,52847,0.6499999761581421,4.239999771118164,6.542250013351426,16.125,88.00999450683594,22676,4941,1471,406,59,14308,1565,1103,223,17199,0,113509,True,0,0,ok,0,,train
2A.GPM.DPR.V9-20211125.20170613-S181833-E195105.018702.V07A,2A.GPM.DPR.V9-20211125.20170613-S181833-E195105.018702.V07A.nc,/storage/GR_DPR_3D/GRToDPRRes_V07_Pct_V1.2.1_sw_260412/2A.GPM.DPR.V9-20211125.20170613-S181833-E195105.018702.V07A.nc,84102769,2017-06-13,2017-06-13T18:47:19,2017-06-13T18:51:04,018702,323,49,60,23,"z,p,t,q,lat,lon,dbz_gr_sparse,dbz_gr_sparse_min,dbz_gr_sparse_max,dbz_gr_interp,sw_gr_sparse,sw_gr_sparse_min,sw_gr_sparse_max,dbz_dpr,pre_dpr,cfb,scan_id,time,nsrr_dpr,srr_dpr,binRealSurface,typePrecip,flagPrecip",,True,True,True,19.39400291442871,33.41981506347656,115.91785430908203,124.88581085205078,949620,40058,0.04218318906509973,133253,0.14032244476738065,6586,6585,92726,0.0976453739390493,945629,3991,852903,92726,0.901942516568337,857883,784508,73375,27566,27566,65160,93195,0.7699999809265137,5.130000114440918,9.135000228881836,36.108750343322754,299.8699951171875,39031,9578,4222,1963,502,11652,2365,1452,358,15827,0,91737,True,0,0,ok,0,,train
2A.GPM.DPR.V9-20211125.20170615-S024203-E041435.018723.V07A,2A.GPM.DPR.V9-20211125.20170615-S024203-E041435.018723.V07A.nc,/storage/GR_DPR_3D/GRToDPRRes_V07_Pct_V1.2.1_sw_260412/2A.GPM.DPR.V9-20211125.20170615-S024203-E041435.018723.V07A.nc,22409292,2017-06-15,2017-06-15T03:38:54,2017-06-15T03:39:54,018723,86,49,60,23,"z,p,t,q,lat,lon,dbz_gr_sparse,dbz_gr_sparse_min,dbz_gr_sparse_max,dbz_gr_interp,sw_gr_sparse,sw_gr_sparse_min,sw_gr_sparse_max,dbz_dpr,pre_dpr,cfb,scan_id,time,nsrr_dpr,srr_dpr,binRealSurface,typePrecip,flagPrecip",,True,True,True,39.331729888916016,43.763851165771484,121.37760925292969,126.54886627197266,252840,9,3.559563360227812e-05,203,0.0008028792912513843,9,7,0,0.0,249458,3382,249458,0,1.0,225766,225766,0,0,0,0,194,,,,,,0,0,0,0,0,4214,0,0,0,4214,0,27074,True,0,0,ok,0,,train
2A.GPM.DPR.V9-20211125.20170615-S041436-E054707.018724.V07A,2A.GPM.DPR.V9-20211125.20170615-S041436-E054707.018724.V07A.nc,/storage/GR_DPR_3D/GRToDPRRes_V07_Pct_V1.2.1_sw_260412/2A.GPM.DPR.V9-20211125.20170615-S041436-E054707.018724.V07A.nc,81499729,2017-06-15,2017-06-15T05:14:49,2017-06-15T05:18:28,018724,313,49,60,23,"z,p,t,q,lat,lon,dbz_gr_sparse,dbz_gr_sparse_min,dbz_gr_sparse_max,dbz_gr_interp,sw_gr_sparse,sw_gr_sparse_min,sw_gr_sparse_max,dbz_dpr,pre_dpr,cfb,scan_id,time,nsrr_dpr,srr_dpr,binRealSurface,typePrecip,flagPrecip",,True,True,True,19.044818878173828,32.604103088378906,106.0769271850586,114.79953002929688,920220,17341,0.01884440677229358,71802,0.07802699354502184,3336,2099,109786,0.11930407945925975,899280,20940,789494,109786,0.8779178898674496,809029,724983,84046,13516,13516,96270,54461,0.8500000238418579,2.8450000286102295,3.949999988079071,7.490749788284273,52.15999984741211,47465,3127,567,89,1,10610,3691,906,130,15337,0,111191,True,0,0,ok,0,,train
2A.GPM.DPR.V9-20211125.20170615-S180730-E194003.018733.V07A,2A.GPM.DPR.V9-20211125.20170615-S180730-E194003.018733.V07A.nc,/storage/GR_DPR_3D/GRToDPRRes_V07_Pct_V1.2.1_sw_260412/2A.GPM.DPR.V9-20211125.20170615-S180730-E194003.018733.V07A.nc,165838225,2017-06-15,2017-06-15T18:35:22,2017-06-15T18:42:47,018733,637,49,60,23,"z,p,t,q,lat,lon,dbz_gr_sparse,dbz_gr_sparse_min,dbz_gr_sparse_max,dbz_gr_interp,sw_gr_sparse,sw_gr_sparse_min,sw_gr_sparse_max,dbz_dpr,pre_dpr,cfb,scan_id,time,nsrr_dpr,srr_dpr,binRealSurface,typePrecip,flagPrecip",,True,True,True,16.20133399963379,42.5628662109375,108.51517486572266,125.47248840332031,1872780,50072,0.026736722946635483,127296,0.06797167846730529,10377,10034,80830,0.043160435288715174,1860730,12050,1779900,80830,0.9565600597614915,1687921,1625318,62603,30337,30337,50493,77224,0.7250000238418579,4.125,6.315000057220459,11.84354955673221,58.769996643066406,31873,6093,1367,241,18,27385,2297,1023,508,31213,0,184859,True,0,0,ok,0,,train
2A.GPM.DPR.V9-20211125.20170616-S032248-E045519.018739.V07A,2A.GPM.DPR.V9-20211125.20170616-S032248-E045519.018739.V07A.nc,/storage/GR_DPR_3D/GRToDPRRes_V07_Pct_V1.2.1_sw_260412/2A.GPM.DPR.V9-20211125.20170616-S032248-E045519.018739.V07A.nc,89048545,2017-06-16,2017-06-16T04:21:32,2017-06-16T04:25:30,018739,342,49,60,23,"z,p,t,q,lat,lon,dbz_gr_sparse,dbz_gr_sparse_min,dbz_gr_sparse_max,dbz_gr_interp,sw_gr_sparse,sw_gr_sparse_min,sw_gr_sparse_max,dbz_dpr,pre_dpr,cfb,scan_id,time,nsrr_dpr,srr_dpr,binRealSurface,typePrecip,flagPrecip",,True,True,True,23.04584312438965,37.632808685302734,111.51676177978516,121.64630126953125,1005480,54034,0.05373950749890599,136427,0.13568345466841708,6946,6674,108058,0.10746906949914468,990089,15391,882031,108058,0.8908603165978008,895245,810936,84309,42414,42414,65644,82393,0.8300000429153442,3.9200000762939453,6.565000057220459,20.480050086974853,181.32000732421875,47373,7815,2898,1135,225,12124,3443,996,195,16758,0,110235,True,0,0,ok,0,,train
2A.GPM.DPR.V9-20211125.20170616-S171543-E184814.018748.V07A,2A.GPM.DPR.V9-20211125.20170616-S171543-E184814.018748.V07A.nc,/storage/GR_DPR_3D/GRToDPRRes_V07_Pct_V1.2.1_sw_260412/2A.GPM.DPR.V9-20211125.20170616-S171543-E184814.018748.V07A.nc,48180063,2017-06-16,2017-06-16T17:45:23,2017-06-16T17:47:32,018748,185,49,60,23,"z,p,t,q,lat,lon,dbz_gr_sparse,dbz_gr_sparse_min,dbz_gr_sparse_max,dbz_gr_interp,sw_gr_sparse,sw_gr_sparse_min,sw_gr_sparse_max,dbz_dpr,pre_dpr,cfb,scan_id,time,nsrr_dpr,srr_dpr,binRealSurface,typePrecip,flagPrecip",,True,True,True,22.552976608276367,31.033143997192383,120.13316345214844,126.19500732421875,543900,4692,0.008626585769442913,34527,0.06348041919470492,1306,359,150968,0.27756572899430043,540450,3450,389482,150968,0.7206624109538348,490058,367906,122152,4188,4188,146780,29835,0.6700000166893005,3.940000057220459,7.170000076293945,19.85165010452264,297.7749938964844,55557,11737,4640,1489,250,2677,4716,646,1026,9065,0,53842,True,0,0,ok,0,,train
2A.GPM.DPR.V9-20211125.20170617-S023100-E040331.018754.V07A,2A.GPM.DPR.V9-20211125.20170617-S023100-E040331.018754.V07A.nc,/storage/GR_DPR_3D/GRToDPRRes_V07_Pct_V1.2.1_sw_260412/2A.GPM.DPR.V9-20211125.20170617-S023100-E040331.018754.V07A.nc,72389089,2017-06-17,2017-06-17T03:28:04,2017-06-17T03:31:18,018754,278,49,60,23,"z,p,t,q,lat,lon,dbz_gr_sparse,dbz_gr_sparse_min,dbz_gr_sparse_max,dbz_gr_interp,sw_gr_sparse,sw_gr_sparse_min,sw_gr_sparse_max,dbz_dpr,pre_dpr,cfb,scan_id,time,nsrr_dpr,srr_dpr,binRealSurface,typePrecip,flagPrecip",,True,True,True,31.25360870361328,43.08418273925781,115.99242401123047,125.99738311767578,817320,2267,0.0027736994078206823,9892,0.012102970684676749,1259,1214,6881,0.00841897910243234,808357,8963,801476,6881,0.991487671907338,732595,727662,4933,160,160,6721,7625,0.5799999833106995,1.8450000286102295,2.575000047683716,6.484999656677242,28.15999984741211,1944,106,26,18,0,13177,286,22,137,13622,0,84725,True,0,0,ok,0,,train
2A.GPM.DPR.V9-20211125.20170617-S040332-E053604.018755.V07A,2A.GPM.DPR.V9-20211125.20170617-S040332-E053604.018755.V07A.nc,/storage/GR_DPR_3D/GRToDPRRes_V07_Pct_V1.2.1_sw_260412/2A.GPM.DPR.V9-20211125.20170617-S040332-E053604.018755.V07A.nc,81760033,2017-06-17,2017-06-17T05:04:25,2017-06-17T05:08:04,018755,314,49,60,23,"z,p,t,q,lat,lon,dbz_gr_sparse,dbz_gr_sparse_min,dbz_gr_sparse_max,dbz_gr_interp,sw_gr_sparse,sw_gr_sparse_min,sw_gr_sparse_max,dbz_dpr,pre_dpr,cfb,scan_id,time,nsrr_dpr,srr_dpr,binRealSurface,typePrecip,flagPrecip",,True,True,True,16.718582153320312,30.3664493560791,101.41034698486328,109.85415649414062,923160,13940,0.015100307638979158,56512,0.06121582390918151,2457,1828,48901,0.05297131591490099,872612,50548,823711,48901,0.9439602022433796,780650,740872,39778,10166,10166,38735,42572,0.4449999928474426,1.4749999046325684,2.130000114440918,5.440000057220459,53.36000061035156,9251,569,194,60,8,13315,1651,179,241,15386,0,142510,True,0,0,ok,0,,train
2A.GPM.DPR.V9-20211125.20170617-S175627-E192859.018764.V07A,2A.GPM.DPR.V9-20211125.20170617-S175627-E192859.018764.V07A.nc,/storage/GR_DPR_3D/GRToDPRRes_V07_Pct_V1.2.1_sw_260412/2A.GPM.DPR.V9-20211125.20170617-S175627-E192859.018764.V07A.nc,142410865,2017-06-17,2017-06-17T18:25:28,2017-06-17T18:31:50,018764,547,49,60,23,"z,p,t,q,lat,lon,dbz_gr_sparse,dbz_gr_sparse_min,dbz_gr_sparse_max,dbz_gr_interp,sw_gr_sparse,sw_gr_sparse_min,sw_gr_sparse_max,dbz_dpr,pre_dpr,cfb,scan_id,time,nsrr_dpr,srr_dpr,binRealSurface,typePrecip,flagPrecip",,True,True,True,20.28911018371582,42.88682174682617,104.32392883300781,119.81694030761719,1608180,9198,0.005719509010185427,38756,0.024099292367769778,4800,4112,8560,0.005322787250183437,1560000,48180,1551440,8560,0.9945128205128205,1405828,1398973,6855,1075,1075,7485,29558,0.5550000071525574,2.32549982070923,3.7950000762939453,10.27230011940002,40.73500061035156,2362,263,97,12,0,26250,140,144,269,26803,0,202352,True,0,0,ok,0,,train
2A.GPM.DPR.V9-20211125.20170618-S031143-E044415.018770.V07A,2A.GPM.DPR.V9-20211125.20170618-S031143-E044415.018770.V07A.nc,/storage/GR_DPR_3D/GRToDPRRes_V07_Pct_V1.2.1_sw_260412/2A.GPM.DPR.V9-20211125.20170618-S031143-E044415.018770.V07A.nc,85404289,2017-06-18,2017-06-18T04:11:26,2017-06-18T04:15:15,018770,328,49,60,23,"z,p,t,q,lat,lon,dbz_gr_sparse,dbz_gr_sparse_min,dbz_gr_sparse_max,dbz_gr_interp,sw_gr_sparse,sw_gr_sparse_min,sw_gr_sparse_max,dbz_dpr,pre_dpr,cfb,scan_id,time,nsrr_dpr,srr_dpr,binRealSurface,typePrecip,flagPrecip",,True,True,True,20.226682662963867,34.42351531982422,107.74491882324219,116.97557830810547,964320,31302,0.032460179193628674,81699,0.08472187655550024,4716,4536,60580,0.06282147005143521,942244,22076,881664,60580,0.9357066747042168,847091,797821,49270,23757,23757,36823,50397,0.824999988079071,3.945000171661377,6.345000267028809,20.604450836181602,195.47000122070312,26864,4316,1685,635,84,13614,1772,448,238,16072,0,117229,True,0,0,ok,0,,train
2A.GPM.DPR.V9-20211125.20170618-S170438-E183709.018779.V07A,2A.GPM.DPR.V9-20211125.20170618-S170438-E183709.018779.V07A.nc,/storage/GR_DPR_3D/GRToDPRRes_V07_Pct_V1.2.1_sw_260412/2A.GPM.DPR.V9-20211125.20170618-S170438-E183709.018779.V07A.nc,143972689,2017-06-18,2017-06-18T17:33:11,2017-06-18T17:39:38,018779,553,49,60,23,"z,p,t,q,lat,lon,dbz_gr_sparse,dbz_gr_sparse_min,dbz_gr_sparse_max,dbz_gr_interp,sw_gr_sparse,sw_gr_sparse_min,sw_gr_sparse_max,dbz_dpr,pre_dpr,cfb,scan_id,time,nsrr_dpr,srr_dpr,binRealSurface,typePrecip,flagPrecip",,True,True,True,18.6998291015625,41.63179397583008,112.3240966796875,127.49317932128906,1625820,26733,0.01644277964350297,76868,0.04727952663886531,6466,6913,48530,0.029849552841027912,1611934,13886,1563404,48530,0.9698933082868157,1459225,1421816,37409,13576,13576,34954,50135,0.5600000023841858,2.3550000190734863,3.759999990463257,10.07355045318603,49.410003662109375,13769,1550,497,107,0,24508,1182,1113,294,27097,0,166595,True,0,0,ok,0,,train
2A.GPM.DPR.V9-20211125.20170619-S021954-E035226.018785.V07A,2A.GPM.DPR.V9-20211125.20170619-S021954-E035226.018785.V07A.nc,/storage/GR_DPR_3D/GRToDPRRes_V07_Pct_V1.2.1_sw_260412/2A.GPM.DPR.V9-20211125.20170619-S021954-E035226.018785.V07A.nc,92953105,2017-06-19,2017-06-19T03:17:57,2017-06-19T03:22:06,018785,357,49,60,23,"z,p,t,q,lat,lon,dbz_gr_sparse,dbz_gr_sparse_min,dbz_gr_sparse_max,dbz_gr_interp,sw_gr_sparse,sw_gr_sparse_min,sw_gr_sparse_max,dbz_dpr,pre_dpr,cfb,scan_id,time,nsrr_dpr,srr_dpr,binRealSurface,typePrecip,flagPrecip",,True,True,True,24.77370834350586,39.94711685180664,112.63044738769531,123.51258087158203,1049580,45738,0.043577430972388954,94933,0.09044856037653157,6568,9619,59358,0.056554050191505174,1041222,8358,981864,59358,0.9429919844183084,944517,898661,45856,28758,28758,30600,49195,0.7300000190734863,3.440000057220459,5.215000152587891,12.256449737548833,232.64498901367188,23337,3242,793,383,95,14576,1797,917,203,17493,0,105063,True,0,0,ok,0,,train
2A.GPM.DPR.V9-20211125.20170619-S174521-E191752.018795.V07A,2A.GPM.DPR.V9-20211125.20170619-S174521-E191752.018795.V07A.nc,/storage/GR_DPR_3D/GRToDPRRes_V07_Pct_V1.2.1_sw_260412/2A.GPM.DPR.V9-20211125.20170619-S174521-E191752.018795.V07A.nc,25272460,2017-06-19,2017-06-19T18:16:33,2017-06-19T18:17:40,018795,97,49,60,23,"z,p,t,q,lat,lon,dbz_gr_sparse,dbz_gr_sparse_min,dbz_gr_sparse_max,dbz_gr_interp,sw_gr_sparse,sw_gr_sparse_min,sw_gr_sparse_max,dbz_dpr,pre_dpr,cfb,scan_id,time,nsrr_dpr,srr_dpr,binRealSurface,typePrecip,flagPrecip",,True,True,True,27.849763870239258,32.719207763671875,102.11279296875,106.56201934814453,285180,101,0.0003541622834700891,2252,0.007896766954204363,80,29,10332,0.03622974963181149,269961,15219,259629,10332,0.9617278051274073,241062,234337,6725,15,15,10317,2151,0.44999998807907104,1.5099999904632568,2.2899999618530273,4.476899766922002,11.475000381469727,1916,71,2,0,0,4084,454,8,207,4753,0,44118,True,0,0,ok,0,,train
2A.GPM.DPR.V9-20211125.20170620-S012804-E030036.018800.V07A,2A.GPM.DPR.V9-20211125.20170620-S012804-E030036.018800.V07A.nc,/storage/GR_DPR_3D/GRToDPRRes_V07_Pct_V1.2.1_sw_260412/2A.GPM.DPR.V9-20211125.20170620-S012804-E030036.018800.V07A.nc,44796319,2017-06-20,2017-06-20T02:25:04,2017-06-20T02:27:04,018800,172,49,60,23,"z,p,t,q,lat,lon,dbz_gr_sparse,dbz_gr_sparse_min,dbz_gr_sparse_max,dbz_gr_interp,sw_gr_sparse,sw_gr_sparse_min,sw_gr_sparse_max,dbz_dpr,pre_dpr,cfb,scan_id,time,nsrr_dpr,srr_dpr,binRealSurface,typePrecip,flagPrecip",,True,True,True,35.596012115478516,43.372596740722656,118.56817626953125,125.98045349121094,505680,1690,0.00334203448821389,5575,0.011024758740705584,512,608,3585,0.007089463692453725,502170,3510,498585,3585,0.9928609833323376,455668,452809,2859,724,724,2861,3885,0.35499998927116394,1.684999942779541,3.2460000038146917,5.194999694824219,6.974999904632568,533,49,0,0,0,8152,93,27,156,8428,0,50012,True,0,0,ok,0,,train
2A.GPM.DPR.V9-20211125.20170620-S030037-E043308.018801.V07A,2A.GPM.DPR.V9-20211125.20170620-S030037-E043308.018801.V07A.nc,/storage/GR_DPR_3D/GRToDPRRes_V07_Pct_V1.2.1_sw_260412/2A.GPM.DPR.V9-20211125.20170620-S030037-E043308.018801.V07A.nc,81499729,2017-06-20,2017-06-20T04:01:12,2017-06-20T04:04:51,018801,313,49,60,23,"z,p,t,q,lat,lon,dbz_gr_sparse,dbz_gr_sparse_min,dbz_gr_sparse_max,dbz_gr_interp,sw_gr_sparse,sw_gr_sparse_min,sw_gr_sparse_max,dbz_dpr,pre_dpr,cfb,scan_id,time,nsrr_dpr,srr_dpr,binRealSurface,typePrecip,flagPrecip",,True,True,True,17.76333236694336,31.423994064331055,103.60610961914062,112.12371063232422,920220,31572,0.03430918693355937,78586,0.08539914368303232,3937,4234,61956,0.0673273782356393,898251,21969,836295,61956,0.9310259604498075,811620,759346,52274,24372,24372,37584,47014,0.7799999713897705,4.7174999713897705,8.645000457763672,30.340499305724837,299.9100036621094,25948,5796,2533,971,318,12959,1273,707,398,15337,0,108600,True,0,0,ok,0,,train
2A.GPM.DPR.V9-20211125.20170620-S165331-E182602.018810.V07A,2A.GPM.DPR.V9-20211125.20170620-S165331-E182602.018810.V07A.nc,/storage/GR_DPR_3D/GRToDPRRes_V07_Pct_V1.2.1_sw_260412/2A.GPM.DPR.V9-20211125.20170620-S165331-E182602.018810.V07A.nc,165838225,2017-06-20,2017-06-20T17:21:43,2017-06-20T17:29:09,018810,637,49,60,23,"z,p,t,q,lat,lon,dbz_gr_sparse,dbz_gr_sparse_min,dbz_gr_sparse_max,dbz_gr_interp,sw_gr_sparse,sw_gr_sparse_min,sw_gr_sparse_max,dbz_dpr,pre_dpr,cfb,scan_id,time,nsrr_dpr,srr_dpr,binRealSurface,typePrecip,flagPrecip",,True,True,True,17.495895385742188,43.689453125,105.82295989990234,123.27497100830078,1872780,74985,0.04003940665748246,169379,0.09044255064663229,12871,16653,102895,0.05494238511731223,1859536,13244,1756641,102895,0.9446663038521438,1689533,1605380,84153,45005,45005,57890,94394,0.5049999952316284,2.3400001525878906,3.7750000953674316,10.055300254821766,131.73001098632812,27852,3167,1035,405,34,26318,2775,755,1365,31213,0,183247,True,0,0,ok,0,,train
2A.GPM.DPR.V9-20211125.20170621-S020847-E034118.018816.V07A,2A.GPM.DPR.V9-20211125.20170621-S020847-E034118.018816.V07A.nc,/storage/GR_DPR_3D/GRToDPRRes_V07_Pct_V1.2.1_sw_260412/2A.GPM.DPR.V9-20211125.20170621-S020847-E034118.018816.V07A.nc,91130977,2017-06-21,2017-06-21T03:07:55,2017-06-21T03:11:59,018816,350,49,60,23,"z,p,t,q,lat,lon,dbz_gr_sparse,dbz_gr_sparse_min,dbz_gr_sparse_max,dbz_gr_interp,sw_gr_sparse,sw_gr_sparse_min,sw_gr_sparse_max,dbz_dpr,pre_dpr,cfb,scan_id,time,nsrr_dpr,srr_dpr,binRealSurface,typePrecip,flagPrecip",,True,True,True,21.315231323242188,36.34395217895508,109.25016021728516,119.23118591308594,1029000,49137,0.04775218658892128,106467,0.10346647230320699,6192,6021,77704,0.07551409135082604,1013696,15304,935992,77704,0.9233458551676242,915975,852827,63148,37069,37069,40635,57330,0.8949999809265137,4.940000057220459,7.630000114440918,17.28499984741211,58.599998474121094,36352,7614,2377,568,22,13869,2112,648,521,17150,0,113025,True,0,0,ok,0,,train
2A.GPM.DPR.V9-20211125.20170621-S160144-E173418.018825.V07A,2A.GPM.DPR.V9-20211125.20170621-S160144-E173418.018825.V07A.nc,/storage/GR_DPR_3D/GRToDPRRes_V07_Pct_V1.2.1_sw_260412/2A.GPM.DPR.V9-20211125.20170621-S160144-E173418.018825.V07A.nc,113517121,2017-06-21,2017-06-21T16:30:36,2017-06-21T16:35:41,018825,436,49,60,23,"z,p,t,q,lat,lon,dbz_gr_sparse,dbz_gr_sparse_min,dbz_gr_sparse_max,dbz_gr_interp,sw_gr_sparse,sw_gr_sparse_min,sw_gr_sparse_max,dbz_dpr,pre_dpr,cfb,scan_id,time,nsrr_dpr,srr_dpr,binRealSurface,typePrecip,flagPrecip",,True,True,True,19.704299926757812,38.07667922973633,115.51520538330078,127.52859497070312,1281840,50197,0.03916011358671909,93315,0.07279769706047556,5047,8621,64298,0.050160706484428635,1275499,6341,1211201,64298,0.949589925197903,1155862,1105613,50249,35690,35690,28608,43118,0.5,2.0850000381469727,3.305000066757202,8.260150203704828,65.05500030517578,15457,1599,427,93,14,18449,2267,391,257,21364,0,125978,True,0,0,ok,0,,train
2A.GPM.DPR.V9-20211125.20170622-S011717-E024952.018831.V07A,2A.GPM.DPR.V9-20211125.20170622-S011717-E024952.018831.V07A.nc,/storage/GR_DPR_3D/GRToDPRRes_V07_Pct_V1.2.1_sw_260412/2A.GPM.DPR.V9-20211125.20170622-S011717-E024952.018831.V07A.nc,92692801,2017-06-22,2017-06-22T02:14:47,2017-06-22T02:18:55,018831,356,49,60,23,"z,p,t,q,lat,lon,dbz_gr_sparse,dbz_gr_sparse_min,dbz_gr_sparse_max,dbz_gr_interp,sw_gr_sparse,sw_gr_sparse_min,sw_gr_sparse_max,dbz_dpr,pre_dpr,cfb,scan_id,time,nsrr_dpr,srr_dpr,binRealSurface,typePrecip,flagPrecip",,True,True,True,26.875749588012695,41.91982650756836,113.74041748046875,125.10184478759766,1046640,55713,0.053230337078651685,117190,0.11196782083619965,7209,7745,86606,0.0827466941832913,1038139,8501,951533,86606,0.9165757186658049,942241,876972,65269,42039,42039,44567,61477,0.6299999952316284,2.680000066757202,4.085000038146973,8.385000228881836,31.385000228881836,27681,2942,547,59,0,12971,3621,375,477,17444,0,104399,True,0,0,ok,0,,train
2A.GPM.DPR.V9-20211125.20170622-S164312-E181547.018841.V07A,2A.GPM.DPR.V9-20211125.20170622-S164312-E181547.018841.V07A.nc,/storage/GR_DPR_3D/GRToDPRRes_V07_Pct_V1.2.1_sw_260412/2A.GPM.DPR.V9-20211125.20170622-S164312-E181547.018841.V07A.nc,128094145,2017-06-22,2017-06-22T17:13:00,2017-06-22T17:18:44,018841,492,49,60,23,"z,p,t,q,lat,lon,dbz_gr_sparse,dbz_gr_sparse_min,dbz_gr_sparse_max,dbz_gr_interp,sw_gr_sparse,sw_gr_sparse_min,sw_gr_sparse_max,dbz_dpr,pre_dpr,cfb,scan_id,time,nsrr_dpr,srr_dpr,binRealSurface,typePrecip,flagPrecip",,True,True,True,22.904399871826172,43.244876861572266,102.13929748535156,116.71707153320312,1446480,2116,0.0014628615673911841,12760,0.008821414744759693,1014,825,33767,0.02334425640174769,1345389,101091,1311622,33767,0.9749016827103537,1203199,1177881,25318,583,583,33184,10644,0.6299999952316284,2.934999942779541,4.803499937057481,12.635000228881836,46.37999725341797,11573,1595,484,107,0,22371,954,417,366,24108,0,243281,True,0,0,ok,0,,train
2A.GPM.DPR.V9-20211125.20170624-S010738-E024013.018862.V07A,2A.GPM.DPR.V9-20211125.20170624-S010738-E024013.018862.V07A.nc,/storage/GR_DPR_3D/GRToDPRRes_V07_Pct_V1.2.1_sw_260412/2A.GPM.DPR.V9-20211125.20170624-S010738-E024013.018862.V07A.nc,90870673,2017-06-24,2017-06-24T02:06:33,2017-06-24T02:10:36,018862,349,49,60,23,"z,p,t,q,lat,lon,dbz_gr_sparse,dbz_gr_sparse_min,dbz_gr_sparse_max,dbz_gr_interp,sw_gr_sparse,sw_gr_sparse_min,sw_gr_sparse_max,dbz_dpr,pre_dpr,cfb,scan_id,time,nsrr_dpr,srr_dpr,binRealSurface,typePrecip,flagPrecip",,True,True,True,22.27197265625,37.23221206665039,110.94839477539062,121.0840835571289,1026060,28386,0.027665048827553943,62209,0.060629008050211486,4197,4195,43858,0.042744089039627314,1011295,14765,967437,43858,0.9566318433295923,914064,878461,35603,20935,20935,22923,33823,0.8450000286102295,5.364999771118164,8.825000762939453,35.09864707946779,174.80999755859375,19759,4814,1847,845,243,15455,1050,432,164,17101,0,111996,True,0,0,ok,0,,train
2A.GPM.DPR.V9-20211125.20170624-S150058-E163332.018871.V07A,2A.GPM.DPR.V9-20211125.20170624-S150058-E163332.018871.V07A.nc,/storage/GR_DPR_3D/GRToDPRRes_V07_Pct_V1.2.1_sw_260412/2A.GPM.DPR.V9-20211125.20170624-S150058-E163332.018871.V07A.nc,63538753,2017-06-24,2017-06-24T15:30:17,2017-06-24T15:33:07,018871,244,49,60,23,"z,p,t,q,lat,lon,dbz_gr_sparse,dbz_gr_sparse_min,dbz_gr_sparse_max,dbz_gr_interp,sw_gr_sparse,sw_gr_sparse_min,sw_gr_sparse_max,dbz_dpr,pre_dpr,cfb,scan_id,time,nsrr_dpr,srr_dpr,binRealSurface,typePrecip,flagPrecip",,True,True,True,21.286317825317383,32.06314468383789,118.47334289550781,125.83399200439453,717360,1430,0.001993420318947251,7644,0.010655737704918032,524,436,7756,0.010811865729898517,712996,4364,705240,7756,0.9891219586084634,645144,638940,6204,534,534,7222,6214,0.27000001072883606,0.5750000476837158,0.7712499797344208,1.3799999952316284,4.470000267028809,182,0,0,0,0,11396,204,12,344,11956,0,72216,True,0,0,ok,0,,train
2A.GPM.DPR.V9-20211125.20170625-S001630-E014905.018877.V07A,2A.GPM.DPR.V9-20211125.20170625-S001630-E014905.018877.V07A.nc,/storage/GR_DPR_3D/GRToDPRRes_V07_Pct_V1.2.1_sw_260412/2A.GPM.DPR.V9-20211125.20170625-S001630-E014905.018877.V07A.nc,83582161,2017-06-25,2017-06-25T01:13:44,2017-06-25T01:17:28,018877,321,49,60,23,"z,p,t,q,lat,lon,dbz_gr_sparse,dbz_gr_sparse_min,dbz_gr_sparse_max,dbz_gr_interp,sw_gr_sparse,sw_gr_sparse_min,sw_gr_sparse_max,dbz_dpr,pre_dpr,cfb,scan_id,time,nsrr_dpr,srr_dpr,binRealSurface,typePrecip,flagPrecip",,True,True,True,29.147098541259766,42.76081848144531,115.2635726928711,126.09707641601562,943740,6453,0.006837688346366584,25821,0.027360289910356664,2182,1754,42456,0.04498696674931655,934830,8910,892374,42456,0.9545842559609768,848602,814820,33782,2982,2982,39474,19368,0.5649999976158142,6.279999732971191,10.049999237060547,24.419000053405703,75.06500244140625,14840,5266,2144,658,21,13308,1296,326,799,15729,0,95138,True,0,0,ok,0,,train
2A.GPM.DPR.V9-20211125.20170625-S014906-E032140.018878.V07A,2A.GPM.DPR.V9-20211125.20170625-S014906-E032140.018878.V07A.nc,/storage/GR_DPR_3D/GRToDPRRes_V07_Pct_V1.2.1_sw_260412/2A.GPM.DPR.V9-20211125.20170625-S014906-E032140.018878.V07A.nc,52085377,2017-06-25,2017-06-25T02:51:30,2017-06-25T02:53:49,018878,200,49,60,23,"z,p,t,q,lat,lon,dbz_gr_sparse,dbz_gr_sparse_min,dbz_gr_sparse_max,dbz_gr_interp,sw_gr_sparse,sw_gr_sparse_min,sw_gr_sparse_max,dbz_dpr,pre_dpr,cfb,scan_id,time,nsrr_dpr,srr_dpr,binRealSurface,typePrecip,flagPrecip",,True,True,True,16.20138168334961,25.34493637084961,103.06695556640625,108.96859741210938,588000,2999,0.005100340136054422,18329,0.031171768707482995,692,204,30546,0.05194897959183673,573572,14428,543026,30546,0.9467442622722169,518176,494704,23472,2406,2406,28140,15330,0.8799999952316284,4.510000228881836,7.068749785423279,13.331999969482393,61.68499755859375,14037,2583,667,77,8,8472,861,357,110,9800,0,69824,True,0,0,ok,0,,train
2A.GPM.DPR.V9-20211125.20170625-S154225-E171500.018887.V07A,2A.GPM.DPR.V9-20211125.20170625-S154225-E171500.018887.V07A.nc,/storage/GR_DPR_3D/GRToDPRRes_V07_Pct_V1.2.1_sw_260412/2A.GPM.DPR.V9-20211125.20170625-S154225-E171500.018887.V07A.nc,135642961,2017-06-25,2017-06-25T16:11:54,2017-06-25T16:17:58,018887,521,49,60,23,"z,p,t,q,lat,lon,dbz_gr_sparse,dbz_gr_sparse_min,dbz_gr_sparse_max,dbz_gr_interp,sw_gr_sparse,sw_gr_sparse_min,sw_gr_sparse_max,dbz_dpr,pre_dpr,cfb,scan_id,time,nsrr_dpr,srr_dpr,binRealSurface,typePrecip,flagPrecip",,True,True,True,21.84695816040039,43.34969711303711,103.86260223388672,119.03829193115234,1531740,10306,0.00672829592489587,38603,0.025202057790486634,2949,2158,29450,0.019226500581038558,1454507,77233,1425057,29450,0.9797525897090904,1301999,1278825,23174,5505,5505,23945,28297,0.7450000047683716,4.25,7.130000114440918,17.277550163269034,67.77999877929688,11703,2434,877,224,10,24321,649,381,178,25529,0,229741,True,0,0,ok,0,,train
2A.GPM.DPR.V9-20211125.20170626-S005758-E023032.018893.V07A,2A.GPM.DPR.V9-20211125.20170626-S005758-E023032.018893.V07A.nc,/storage/GR_DPR_3D/GRToDPRRes_V07_Pct_V1.2.1_sw_260412/2A.GPM.DPR.V9-20211125.20170626-S005758-E023032.018893.V07A.nc,85143985,2017-06-26,2017-06-26T01:57:51,2017-06-26T02:01:39,018893,327,49,60,23,"z,p,t,q,lat,lon,dbz_gr_sparse,dbz_gr_sparse_min,dbz_gr_sparse_max,dbz_gr_interp,sw_gr_sparse,sw_gr_sparse_min,sw_gr_sparse_max,dbz_dpr,pre_dpr,cfb,scan_id,time,nsrr_dpr,srr_dpr,binRealSurface,typePrecip,flagPrecip",,True,True,True,19.765045166015625,33.93622970581055,106.79863739013672,115.93531799316406,961380,31815,0.03309305373525557,93468,0.09722274230793235,5079,4851,79248,0.08243150471197654,936542,24838,857294,79248,0.915382332025686,840610,779235,61375,22495,22495,56753,61653,0.5900000333786011,2.384999990463257,3.434999942779541,6.579999923706055,32.48500061035156,24781,1564,280,26,0,12189,2495,600,739,16023,0,120770,True,0,0,ok,0,,train
2A.GPM.DPR.V9-20211125.20170626-S145117-E162351.018902.V07A,2A.GPM.DPR.V9-20211125.20170626-S145117-E162351.018902.V07A.nc,/storage/GR_DPR_3D/GRToDPRRes_V07_Pct_V1.2.1_sw_260412/2A.GPM.DPR.V9-20211125.20170626-S145117-E162351.018902.V07A.nc,165838225,2017-06-26,2017-06-26T15:19:02,2017-06-26T15:26:27,018902,637,49,60,23,"z,p,t,q,lat,lon,dbz_gr_sparse,dbz_gr_sparse_min,dbz_gr_sparse_max,dbz_gr_interp,sw_gr_sparse,sw_gr_sparse_min,sw_gr_sparse_max,dbz_dpr,pre_dpr,cfb,scan_id,time,nsrr_dpr,srr_dpr,binRealSurface,typePrecip,flagPrecip",,True,True,True,15.778382301330566,42.09044647216797,109.67835998535156,126.52333068847656,1872780,48696,0.02600198635184058,118842,0.0634575337199244,9319,10151,82755,0.04418831896966008,1861978,10802,1779223,82755,0.9555553287955068,1691174,1624501,66673,31134,31134,51621,70146,0.46000000834465027,1.8299999237060547,3.1100001335144043,8.769599494934146,82.75999450683594,17912,2003,642,248,42,27372,2471,577,793,31213,0,181606,True,0,0,ok,0,,train
2A.GPM.DPR.V9-20211125.20170627-S000650-E013924.018908.V07A,2A.GPM.DPR.V9-20211125.20170627-S000650-E013924.018908.V07A.nc,/storage/GR_DPR_3D/GRToDPRRes_V07_Pct_V1.2.1_sw_260412/2A.GPM.DPR.V9-20211125.20170627-S000650-E013924.018908.V07A.nc,95556145,2017-06-27,2017-06-27T01:05:08,2017-06-27T01:09:24,018908,367,49,60,23,"z,p,t,q,lat,lon,dbz_gr_sparse,dbz_gr_sparse_min,dbz_gr_sparse_max,dbz_gr_interp,sw_gr_sparse,sw_gr_sparse_min,sw_gr_sparse_max,dbz_dpr,pre_dpr,cfb,scan_id,time,nsrr_dpr,srr_dpr,binRealSurface,typePrecip,flagPrecip",,True,True,True,23.60858917236328,39.21649932861328,111.75688171386719,122.66997528076172,1078980,30755,0.0285037720810395,80439,0.07455096480008898,5129,4204,61475,0.05697510611874178,1063295,15685,1001820,61475,0.9421844361160355,961456,914406,47050,23085,23085,38390,49684,0.824999988079071,4.210000038146973,6.960000038146973,20.54629985809327,297.0150146484375,26703,4983,1734,645,127,15452,2028,384,119,17983,0,117524,True,0,0,ok,0,,train
2A.GPM.DPR.V9-20211125.20170627-S231541-E004815.018923.V07A,2A.GPM.DPR.V9-20211125.20170627-S231541-E004815.018923.V07A.nc,/storage/GR_DPR_3D/GRToDPRRes_V07_Pct_V1.2.1_sw_260412/2A.GPM.DPR.V9-20211125.20170627-S231541-E004815.018923.V07A.nc,51043231,2017-06-27,2017-06-28T00:12:38,2017-06-28T00:14:54,018923,196,49,60,23,"z,p,t,q,lat,lon,dbz_gr_sparse,dbz_gr_sparse_min,dbz_gr_sparse_max,dbz_gr_interp,sw_gr_sparse,sw_gr_sparse_min,sw_gr_sparse_max,dbz_dpr,pre_dpr,cfb,scan_id,time,nsrr_dpr,srr_dpr,binRealSurface,typePrecip,flagPrecip",,True,True,True,34.965511322021484,43.6599235534668,116.7224349975586,124.80972290039062,576240,2439,0.004232611411911703,7786,0.013511731223101486,1247,1318,487,0.0008451339719561294,567458,8782,566971,487,0.9991417867049192,514036,513691,345,104,104,383,5347,0.6349999904632568,1.9019999742507936,2.6234999656677247,3.1698000764846794,3.7699999809265137,162,0,0,0,0,9580,19,4,1,9604,0,62204,True,0,0,ok,0,,train
2A.GPM.DPR.V9-20211125.20170701-S134043-E151317.018979.V07A,2A.GPM.DPR.V9-20211125.20170701-S134043-E151317.018979.V07A.nc,/storage/GR_DPR_3D/GRToDPRRes_V07_Pct_V1.2.1_sw_260412/2A.GPM.DPR.V9-20211125.20170701-S134043-E151317.018979.V07A.nc,165838225,2017-07-01,2017-07-01T14:08:54,2017-07-01T14:16:19,018979,637,49,60,23,"z,p,t,q,lat,lon,dbz_gr_sparse,dbz_gr_sparse_min,dbz_gr_sparse_max,dbz_gr_interp,sw_gr_sparse,sw_gr_sparse_min,sw_gr_sparse_max,dbz_dpr,pre_dpr,cfb,scan_id,time,nsrr_dpr,srr_dpr,binRealSurface,typePrecip,flagPrecip",,True,True,True,17.318862915039062,43.51570510864258,106.28462219238281,123.67316436767578,1872780,74785,0.039932613547773894,193380,0.10325825777720822,14062,12099,139864,0.0746825574813913,1860988,11792,1721124,139864,0.9248442225312576,1689544,1572581,116963,50034,50034,89830,118595,0.6800000071525574,3.8450000286102295,7.150000095367432,27.75,299.9599914550781,50390,10424,4825,2338,466,25715,3375,1149,974,31213,0,183236,True,0,0,ok,0,,train
2A.GPM.DPR.V9-20211125.20170701-S225615-E002849.018985.V07A,2A.GPM.DPR.V9-20211125.20170701-S225615-E002849.018985.V07A.nc,/storage/GR_DPR_3D/GRToDPRRes_V07_Pct_V1.2.1_sw_260412/2A.GPM.DPR.V9-20211125.20170701-S225615-E002849.018985.V07A.nc,90870673,2017-07-01,2017-07-01T23:55:22,2017-07-01T23:59:26,018985,349,49,60,23,"z,p,t,q,lat,lon,dbz_gr_sparse,dbz_gr_sparse_min,dbz_gr_sparse_max,dbz_gr_interp,sw_gr_sparse,sw_gr_sparse_min,sw_gr_sparse_max,dbz_dpr,pre_dpr,cfb,scan_id,time,nsrr_dpr,srr_dpr,binRealSurface,typePrecip,flagPrecip",,True,True,True,21.537311553955078,36.52138900756836,109.60496520996094,119.6033935546875,1026060,34989,0.034100345009063796,86478,0.08428162095783873,6316,5877,53064,0.05171627390211099,1010880,15180,957816,53064,0.9475071225071225,913443,869395,44048,22482,22482,30582,51489,0.5299999713897705,3.5349998474121094,6.675000190734863,22.32554946899418,262.3900146484375,15577,3543,1654,677,126,14702,1323,438,638,17101,0,112617,True,0,0,ok,0,,train
2A.GPM.DPR.V9-20211125.20170702-S124933-E142207.018994.V07A,2A.GPM.DPR.V9-20211125.20170702-S124933-E142207.018994.V07A.nc,/storage/GR_DPR_3D/GRToDPRRes_V07_Pct_V1.2.1_sw_260412/2A.GPM.DPR.V9-20211125.20170702-S124933-E142207.018994.V07A.nc,113256817,2017-07-02,2017-07-02T13:18:23,2017-07-02T13:23:27,018994,435,49,60,23,"z,p,t,q,lat,lon,dbz_gr_sparse,dbz_gr_sparse_min,dbz_gr_sparse_max,dbz_gr_interp,sw_gr_sparse,sw_gr_sparse_min,sw_gr_sparse_max,dbz_dpr,pre_dpr,cfb,scan_id,time,nsrr_dpr,srr_dpr,binRealSurface,typePrecip,flagPrecip",,True,True,True,19.582902908325195,37.92261505126953,115.86184692382812,127.81928253173828,1278900,16691,0.013051059504261475,36163,0.028276643990929703,2372,3261,54821,0.04286574399874892,1274219,4681,1219398,54821,0.9569767834257691,1156147,1110499,45648,10561,10561,44260,19472,0.875,6.449999809265137,11.440000534057617,42.41399841308603,299.9800109863281,24919,7185,3283,1484,424,19294,1215,391,415,21315,0,122753,True,0,0,ok,0,,train
2A.GPM.DPR.V9-20211125.20170702-S220505-E233739.019000.V07A,2A.GPM.DPR.V9-20211125.20170702-S220505-E233739.019000.V07A.nc,/storage/GR_DPR_3D/GRToDPRRes_V07_Pct_V1.2.1_sw_260412/2A.GPM.DPR.V9-20211125.20170702-S220505-E233739.019000.V07A.nc,92692801,2017-07-02,2017-07-02T23:02:31,2017-07-02T23:06:40,019000,356,49,60,23,"z,p,t,q,lat,lon,dbz_gr_sparse,dbz_gr_sparse_min,dbz_gr_sparse_max,dbz_gr_interp,sw_gr_sparse,sw_gr_sparse_min,sw_gr_sparse_max,dbz_dpr,pre_dpr,cfb,scan_id,time,nsrr_dpr,srr_dpr,binRealSurface,typePrecip,flagPrecip",,True,True,True,27.036340713500977,42.07212829589844,114.01844787597656,125.4221420288086,1046640,18471,0.017647901857372163,56852,0.05431858136513032,6559,6664,37653,0.03597512038523275,1038148,8492,1000495,37653,0.9637306048848526,942552,911208,31344,5336,5336,32317,38381,0.6399999856948853,3.8499999046325684,5.92200012207032,17.27180099487316,184.60000610351562,13394,2544,814,320,78,15838,1071,236,299,17444,0,104088,True,0,0,ok,0,,train
2A.GPM.DPR.V9-20211125.20170703-S133058-E150332.019010.V07A,2A.GPM.DPR.V9-20211125.20170703-S133058-E150332.019010.V07A.nc,/storage/GR_DPR_3D/GRToDPRRes_V07_Pct_V1.2.1_sw_260412/2A.GPM.DPR.V9-20211125.20170703-S133058-E150332.019010.V07A.nc,127833841,2017-07-03,2017-07-03T14:00:43,2017-07-03T14:06:26,019010,491,49,60,23,"z,p,t,q,lat,lon,dbz_gr_sparse,dbz_gr_sparse_min,dbz_gr_sparse_max,dbz_gr_interp,sw_gr_sparse,sw_gr_sparse_min,sw_gr_sparse_max,dbz_dpr,pre_dpr,cfb,scan_id,time,nsrr_dpr,srr_dpr,binRealSurface,typePrecip,flagPrecip",,True,True,True,22.740781784057617,43.0552978515625,102.47565460205078,116.96795654296875,1443540,5325,0.0036888482480568604,35805,0.024803607797497816,1909,1311,75651,0.052406583814788646,1345235,98305,1269584,75651,0.9437637290138897,1203445,1145261,58184,2924,2924,72727,30480,0.8100000023841858,4.150000095367432,5.984999656677246,11.920000076293945,65.05999755859375,32463,5532,1082,253,22,20401,2592,529,537,24059,0,240095,True,0,0,ok,0,,train
2A.GPM.DPR.V9-20211125.20170703-S211355-E224629.019015.V07A,2A.GPM.DPR.V9-20211125.20170703-S211355-E224629.019015.V07A.nc,/storage/GR_DPR_3D/GRToDPRRes_V07_Pct_V1.2.1_sw_260412/2A.GPM.DPR.V9-20211125.20170703-S211355-E224629.019015.V07A.nc,28918751,2017-07-03,2017-07-03T22:10:51,2017-07-03T22:12:08,019015,111,49,60,23,"z,p,t,q,lat,lon,dbz_gr_sparse,dbz_gr_sparse_min,dbz_gr_sparse_max,dbz_gr_interp,sw_gr_sparse,sw_gr_sparse_min,sw_gr_sparse_max,dbz_dpr,pre_dpr,cfb,scan_id,time,nsrr_dpr,srr_dpr,binRealSurface,typePrecip,flagPrecip",,True,True,True,38.271846771240234,43.718238830566406,121.17530059814453,126.99772644042969,326340,647,0.0019825948397376968,7603,0.02329778758350187,548,171,50,0.00015321443892872465,322702,3638,322652,50,0.9998450582890717,292619,292586,33,0,0,50,6956,0.41749998927116394,0.8480000257492066,1.016999956965446,1.2317999589443203,1.3199999332427979,3,0,0,0,0,5435,0,4,0,5439,0,33721,True,0,0,ok,0,,train
2A.GPM.DPR.V9-20211125.20170703-S224630-E001904.019016.V07A,2A.GPM.DPR.V9-20211125.20170703-S224630-E001904.019016.V07A.nc,/storage/GR_DPR_3D/GRToDPRRes_V07_Pct_V1.2.1_sw_260412/2A.GPM.DPR.V9-20211125.20170703-S224630-E001904.019016.V07A.nc,81239425,2017-07-03,2017-07-03T23:46:47,2017-07-03T23:50:25,019016,312,49,60,23,"z,p,t,q,lat,lon,dbz_gr_sparse,dbz_gr_sparse_min,dbz_gr_sparse_max,dbz_gr_interp,sw_gr_sparse,sw_gr_sparse_min,sw_gr_sparse_max,dbz_dpr,pre_dpr,cfb,scan_id,time,nsrr_dpr,srr_dpr,binRealSurface,typePrecip,flagPrecip",,True,True,True,18.98100471496582,32.57691192626953,105.82138061523438,114.48001098632812,917280,27555,0.030039900575614863,68247,0.07440149136577708,2405,2001,63539,0.06926892551892552,896353,20927,832814,63539,0.9291138647385573,806891,754137,52754,23752,23752,39787,40692,0.9550000429153442,5.8659997940063695,9.130000114440918,23.87030025482195,298.70001220703125,30896,7902,2787,871,101,13013,1459,540,276,15288,0,110389,True,0,0,ok,0,,train
2A.GPM.DPR.V9-20211125.20170704-S123948-E141222.019025.V07A,2A.GPM.DPR.V9-20211125.20170704-S123948-E141222.019025.V07A.nc,/storage/GR_DPR_3D/GRToDPRRes_V07_Pct_V1.2.1_sw_260412/2A.GPM.DPR.V9-20211125.20170704-S123948-E141222.019025.V07A.nc,165577921,2017-07-04,2017-07-04T13:07:44,2017-07-04T13:15:09,019025,636,49,60,23,"z,p,t,q,lat,lon,dbz_gr_sparse,dbz_gr_sparse_min,dbz_gr_sparse_max,dbz_gr_interp,sw_gr_sparse,sw_gr_sparse_min,sw_gr_sparse_max,dbz_dpr,pre_dpr,cfb,scan_id,time,nsrr_dpr,srr_dpr,binRealSurface,typePrecip,flagPrecip",,True,True,True,16.47058868408203,42.69550704956055,108.17171478271484,125.22335052490234,1869840,28487,0.01523499336841655,78145,0.041792345869165276,10512,9208,12627,0.006752984212552946,1857345,12495,1844718,12627,0.9932015861350476,1684719,1674434,10285,5358,5358,7269,49658,0.47999998927116394,2.3420000076293928,3.776999807357777,13.59919990539549,35.314998626708984,3408,408,170,53,0,30412,264,189,299,31164,0,185121,True,0,0,ok,0,,train
2A.GPM.DPR.V9-20211125.20170704-S215520-E232754.019031.V07A,2A.GPM.DPR.V9-20211125.20170704-S215520-E232754.019031.V07A.nc,/storage/GR_DPR_3D/GRToDPRRes_V07_Pct_V1.2.1_sw_260412/2A.GPM.DPR.V9-20211125.20170704-S215520-E232754.019031.V07A.nc,90870673,2017-07-04,2017-07-04T22:54:11,2017-07-04T22:58:15,019031,349,49,60,23,"z,p,t,q,lat,lon,dbz_gr_sparse,dbz_gr_sparse_min,dbz_gr_sparse_max,dbz_gr_interp,sw_gr_sparse,sw_gr_sparse_min,sw_gr_sparse_max,dbz_dpr,pre_dpr,cfb,scan_id,time,nsrr_dpr,srr_dpr,binRealSurface,typePrecip,flagPrecip",,True,True,True,22.437660217285156,37.391395568847656,111.26578521728516,121.43462371826172,1026060,11418,0.011128004210280101,45869,0.044704013410521805,4646,3704,12657,0.012335535933571137,1010348,15712,997691,12657,0.987472633191732,913117,903918,9199,3655,3655,9002,34451,0.5349999666213989,2.4749999046325684,4.260000228881836,9.359399642944341,157.83999633789062,3652,482,103,24,12,16441,385,216,59,17101,0,112943,True,0,0,ok,0,,train
2A.GPM.DPR.V9-20211125.20170705-S114838-E132112.019040.V07A,2A.GPM.DPR.V9-20211125.20170705-S114838-E132112.019040.V07A.nc,/storage/GR_DPR_3D/GRToDPRRes_V07_Pct_V1.2.1_sw_260412/2A.GPM.DPR.V9-20211125.20170705-S114838-E132112.019040.V07A.nc,59634193,2017-07-05,2017-07-05T12:17:54,2017-07-05T12:20:33,019040,229,49,60,23,"z,p,t,q,lat,lon,dbz_gr_sparse,dbz_gr_sparse_min,dbz_gr_sparse_max,dbz_gr_interp,sw_gr_sparse,sw_gr_sparse_min,sw_gr_sparse_max,dbz_dpr,pre_dpr,cfb,scan_id,time,nsrr_dpr,srr_dpr,binRealSurface,typePrecip,flagPrecip",,True,True,True,21.09375,31.276124954223633,118.82158660888672,125.80657958984375,673260,200,0.00029706205626355345,981,0.0014570893859727296,89,88,7496,0.011133885868757984,669136,4124,661640,7496,0.9887974940819205,604200,598079,6121,2,2,7494,781,0.49000000953674316,2.434999942779541,4.059999942779541,8.55025019645691,41.61000061035156,1926,252,55,19,0,10827,182,100,112,11221,0,69060,True,0,0,ok,0,,train
2A.GPM.DPR.V9-20211125.20170705-S210409-E223644.019046.V07A,2A.GPM.DPR.V9-20211125.20170705-S210409-E223644.019046.V07A.nc,/storage/GR_DPR_3D/GRToDPRRes_V07_Pct_V1.2.1_sw_260412/2A.GPM.DPR.V9-20211125.20170705-S210409-E223644.019046.V07A.nc,83842465,2017-07-05,2017-07-05T22:01:19,2017-07-05T22:05:04,019046,322,49,60,23,"z,p,t,q,lat,lon,dbz_gr_sparse,dbz_gr_sparse_min,dbz_gr_sparse_max,dbz_gr_interp,sw_gr_sparse,sw_gr_sparse_min,sw_gr_sparse_max,dbz_dpr,pre_dpr,cfb,scan_id,time,nsrr_dpr,srr_dpr,binRealSurface,typePrecip,flagPrecip",,True,True,True,29.310169219970703,42.9536247253418,115.5383529663086,126.44670104980469,946680,4453,0.0047038069886339625,21826,0.0230553090801538,2176,1667,24040,0.025394008535091054,937239,9441,913199,24040,0.974350192426905,849644,830481,19163,880,880,23160,17373,0.3050000071525574,0.75,1.0499999523162842,2.4099999928474425,9.744999885559082,1302,51,0,0,0,14369,928,35,446,15778,0,97036,True,0,0,ok,0,,train
2A.GPM.DPR.V9-20211125.20170705-S223645-E000919.019047.V07A,2A.GPM.DPR.V9-20211125.20170705-S223645-E000919.019047.V07A.nc,/storage/GR_DPR_3D/GRToDPRRes_V07_Pct_V1.2.1_sw_260412/2A.GPM.DPR.V9-20211125.20170705-S223645-E000919.019047.V07A.nc,81760033,2017-07-05,2017-07-05T23:37:46,2017-07-05T23:41:25,019047,314,49,60,23,"z,p,t,q,lat,lon,dbz_gr_sparse,dbz_gr_sparse_min,dbz_gr_sparse_max,dbz_gr_interp,sw_gr_sparse,sw_gr_sparse_min,sw_gr_sparse_max,dbz_dpr,pre_dpr,cfb,scan_id,time,nsrr_dpr,srr_dpr,binRealSurface,typePrecip,flagPrecip",,True,True,True,16.360755920410156,30.09083366394043,100.97026062011719,109.3411865234375,923160,2359,0.0025553533515316955,19003,0.02058473070756965,762,264,40345,0.043703150049828846,864856,58304,824511,40345,0.9533506155938098,771898,742263,29635,1847,1847,38498,16644,0.6150000095367432,3.5399999618530273,6.269999980926514,16.93680046081536,49.18499755859375,13089,2645,1180,296,0,13474,1422,314,176,15386,0,151262,True,0,0,ok,0,,train
2A.GPM.DPR.V9-20211125.20170708-S122016-E135250.019087.V07A,2A.GPM.DPR.V9-20211125.20170708-S122016-E135250.019087.V07A.nc,/storage/GR_DPR_3D/GRToDPRRes_V07_Pct_V1.2.1_sw_260412/2A.GPM.DPR.V9-20211125.20170708-S122016-E135250.019087.V07A.nc,22149004,2017-07-08,2017-07-08T12:51:37,2017-07-08T12:52:36,019087,85,49,60,23,"z,p,t,q,lat,lon,dbz_gr_sparse,dbz_gr_sparse_min,dbz_gr_sparse_max,dbz_gr_interp,sw_gr_sparse,sw_gr_sparse_min,sw_gr_sparse_max,dbz_dpr,pre_dpr,cfb,scan_id,time,nsrr_dpr,srr_dpr,binRealSurface,typePrecip,flagPrecip",,True,True,True,28.238826751708984,32.63703155517578,101.25422668457031,105.45482635498047,249900,560,0.002240896358543417,6799,0.02720688275310124,202,39,16256,0.0650500200080032,219016,30884,202760,16256,0.925777112174453,189963,177779,12184,460,460,15796,6239,0.5049999952316284,1.4149999618530273,1.8849999904632568,3.2799999713897705,14.25,3239,26,11,0,0,3396,584,19,166,4165,0,59937,True,0,0,ok,0,,train
2A.GPM.DPR.V9-20211125.20170708-S200312-E213547.019092.V07A,2A.GPM.DPR.V9-20211125.20170708-S200312-E213547.019092.V07A.nc,/storage/GR_DPR_3D/GRToDPRRes_V07_Pct_V1.2.1_sw_260412/2A.GPM.DPR.V9-20211125.20170708-S200312-E213547.019092.V07A.nc,44796319,2017-07-08,2017-07-08T21:00:23,2017-07-08T21:02:22,019092,172,49,60,23,"z,p,t,q,lat,lon,dbz_gr_sparse,dbz_gr_sparse_min,dbz_gr_sparse_max,dbz_gr_interp,sw_gr_sparse,sw_gr_sparse_min,sw_gr_sparse_max,dbz_dpr,pre_dpr,cfb,scan_id,time,nsrr_dpr,srr_dpr,binRealSurface,typePrecip,flagPrecip",,True,True,True,35.15446472167969,42.94247817993164,117.8148422241211,125.15502166748047,505680,11322,0.02238965353583294,38985,0.07709420977693403,1684,1191,35228,0.06966461003005854,501428,4252,466200,35228,0.9297446492816516,454399,421999,32400,8825,8825,26403,27663,0.8949999809265137,5.521500015258786,13.488250064849861,33.85475082397485,299.9599914550781,15810,3853,2265,1099,142,7258,297,224,649,8428,0,51281,True,0,0,ok,0,,train
2A.GPM.DPR.V9-20211125.20170708-S213548-E230822.019093.V07A,2A.GPM.DPR.V9-20211125.20170708-S213548-E230822.019093.V07A.nc,/storage/GR_DPR_3D/GRToDPRRes_V07_Pct_V1.2.1_sw_260412/2A.GPM.DPR.V9-20211125.20170708-S213548-E230822.019093.V07A.nc,81499729,2017-07-08,2017-07-08T22:36:33,2017-07-08T22:40:12,019093,313,49,60,23,"z,p,t,q,lat,lon,dbz_gr_sparse,dbz_gr_sparse_min,dbz_gr_sparse_max,dbz_gr_interp,sw_gr_sparse,sw_gr_sparse_min,sw_gr_sparse_max,dbz_dpr,pre_dpr,cfb,scan_id,time,nsrr_dpr,srr_dpr,binRealSurface,typePrecip,flagPrecip",,True,True,True,17.286941528320312,30.958436965942383,102.74213409423828,111.20340728759766,920220,18153,0.019726804459803092,60848,0.06612331833691944,3428,2767,82380,0.08952207080915434,891743,28477,809363,82380,0.9076191234470021,804532,739794,64738,13122,13122,69258,42695,0.7200000286102295,5.135000228881836,7.950249814987197,19.41710056304938,164.2949981689453,32959,8559,2594,789,215,11807,2568,697,265,15337,0,115688,True,0,0,ok,0,,train
2A.GPM.DPR.V9-20211125.20170709-S112905-E130139.019102.V07A,2A.GPM.DPR.V9-20211125.20170709-S112905-E130139.019102.V07A.nc,/storage/GR_DPR_3D/GRToDPRRes_V07_Pct_V1.2.1_sw_260412/2A.GPM.DPR.V9-20211125.20170709-S112905-E130139.019102.V07A.nc,166098529,2017-07-09,2017-07-09T11:57:27,2017-07-09T12:04:53,019102,638,49,60,23,"z,p,t,q,lat,lon,dbz_gr_sparse,dbz_gr_sparse_min,dbz_gr_sparse_max,dbz_gr_interp,sw_gr_sparse,sw_gr_sparse_min,sw_gr_sparse_max,dbz_dpr,pre_dpr,cfb,scan_id,time,nsrr_dpr,srr_dpr,binRealSurface,typePrecip,flagPrecip",,True,True,True,17.980722427368164,44.16251754760742,104.80714416503906,122.47838592529297,1875720,33325,0.017766510993111977,100340,0.053494124922696354,9339,6761,69913,0.037272620647004887,1852156,23564,1782243,69913,0.9622531795377927,1677984,1619337,58647,17856,17856,52057,67015,0.8849999904632568,6.525000095367432,12.184999465942383,31.329999923706055,198.2550048828125,32010,8995,4358,2001,183,28486,1219,861,696,31262,0,197736,True,0,0,ok,0,,train
2A.GPM.DPR.V9-20211125.20170709-S204437-E221711.019108.V07A,2A.GPM.DPR.V9-20211125.20170709-S204437-E221711.019108.V07A.nc,/storage/GR_DPR_3D/GRToDPRRes_V07_Pct_V1.2.1_sw_260412/2A.GPM.DPR.V9-20211125.20170709-S204437-E221711.019108.V07A.nc,91130977,2017-07-09,2017-07-09T21:43:56,2017-07-09T21:48:00,019108,350,49,60,23,"z,p,t,q,lat,lon,dbz_gr_sparse,dbz_gr_sparse_min,dbz_gr_sparse_max,dbz_gr_interp,sw_gr_sparse,sw_gr_sparse_min,sw_gr_sparse_max,dbz_dpr,pre_dpr,cfb,scan_id,time,nsrr_dpr,srr_dpr,binRealSurface,typePrecip,flagPrecip",,True,True,True,20.809865951538086,35.85546875,108.28059387207031,118.17486572265625,1029000,19614,0.019061224489795917,48202,0.04684353741496599,4913,4930,20932,0.020342079689018463,1010632,18368,989700,20932,0.9792882077749369,912638,896100,16538,10311,10311,10621,28588,0.8550000190734863,4.1594998836517405,6.042250013351444,13.515699996948204,55.939998626708984,9377,1492,384,56,12,16312,649,142,47,17150,0,116362,True,0,0,ok,0,,train
2A.GPM.DPR.V9-20211125.20170710-S103754-E121028.019117.V07A,2A.GPM.DPR.V9-20211125.20170710-S103754-E121028.019117.V07A.nc,/storage/GR_DPR_3D/GRToDPRRes_V07_Pct_V1.2.1_sw_260412/2A.GPM.DPR.V9-20211125.20170710-S103754-E121028.019117.V07A.nc,117942289,2017-07-10,2017-07-10T11:06:42,2017-07-10T11:11:59,019117,453,49,60,23,"z,p,t,q,lat,lon,dbz_gr_sparse,dbz_gr_sparse_min,dbz_gr_sparse_max,dbz_gr_interp,sw_gr_sparse,sw_gr_sparse_min,sw_gr_sparse_max,dbz_dpr,pre_dpr,cfb,scan_id,time,nsrr_dpr,srr_dpr,binRealSurface,typePrecip,flagPrecip",,True,True,True,19.502660751342773,38.54440689086914,114.06055450439453,126.5017318725586,1331820,45366,0.03406316168851647,92038,0.0691069363727831,5163,7266,71304,0.05353876649997748,1320172,11648,1248868,71304,0.9459888559975518,1195668,1135828,59840,32299,32299,39005,46672,0.7150000333786011,3.6285000801086644,6.044250059127764,24.33469913482667,299.92999267578125,27178,4670,1788,916,256,19567,1602,493,535,22197,0,136152,True,0,0,ok,0,,train
2A.GPM.DPR.V9-20211125.20170710-S195325-E212559.019123.V07A,2A.GPM.DPR.V9-20211125.20170710-S195325-E212559.019123.V07A.nc,/storage/GR_DPR_3D/GRToDPRRes_V07_Pct_V1.2.1_sw_260412/2A.GPM.DPR.V9-20211125.20170710-S195325-E212559.019123.V07A.nc,93213409,2017-07-10,2017-07-10T20:51:03,2017-07-10T20:55:13,019123,358,49,60,23,"z,p,t,q,lat,lon,dbz_gr_sparse,dbz_gr_sparse_min,dbz_gr_sparse_max,dbz_gr_interp,sw_gr_sparse,sw_gr_sparse_min,sw_gr_sparse_max,dbz_dpr,pre_dpr,cfb,scan_id,time,nsrr_dpr,srr_dpr,binRealSurface,typePrecip,flagPrecip",,True,True,True,26.292051315307617,41.438045501708984,112.7706298828125,124.04875183105469,1052520,8956,0.00850910196480827,28518,0.027094972067039105,5274,4343,111,0.0001054611788849618,1042043,10477,1041932,111,0.9998934784840933,945541,945475,66,25,25,86,19562,0.30000001192092896,1.7300000190734863,1.8149999976158142,1.8445000290870668,3.009999990463257,18,0,0,0,0,17536,4,2,0,17542,0,106979,True,0,0,ok,0,,train
2A.GPM.DPR.V9-20211125.20170711-S111917-E125152.019133.V07A,2A.GPM.DPR.V9-20211125.20170711-S111917-E125152.019133.V07A.nc,/storage/GR_DPR_3D/GRToDPRRes_V07_Pct_V1.2.1_sw_260412/2A.GPM.DPR.V9-20211125.20170711-S111917-E125152.019133.V07A.nc,51825073,2017-07-11,2017-07-11T11:50:23,2017-07-11T11:52:42,019133,199,49,60,23,"z,p,t,q,lat,lon,dbz_gr_sparse,dbz_gr_sparse_min,dbz_gr_sparse_max,dbz_gr_interp,sw_gr_sparse,sw_gr_sparse_min,sw_gr_sparse_max,dbz_dpr,pre_dpr,cfb,scan_id,time,nsrr_dpr,srr_dpr,binRealSurface,typePrecip,flagPrecip",,True,True,True,27.377222061157227,36.27714157104492,103.06512451171875,110.05403137207031,585060,458,0.0007828256930913069,2607,0.004455953235565583,325,286,4028,0.00688476395583359,557338,27722,553310,4028,0.9927727877876621,500052,496378,3674,0,0,4028,2149,0.8400000333786011,2.2165001153945934,3.3682499289512617,7.489750151634218,13.155000686645508,1598,76,14,0,0,9548,71,21,111,9751,0,85008,True,0,0,ok,0,,train
2A.GPM.DPR.V9-20211125.20170711-S190214-E203448.019138.V07A,2A.GPM.DPR.V9-20211125.20170711-S190214-E203448.019138.V07A.nc,/storage/GR_DPR_3D/GRToDPRRes_V07_Pct_V1.2.1_sw_260412/2A.GPM.DPR.V9-20211125.20170711-S190214-E203448.019138.V07A.nc,45056607,2017-07-11,2017-07-11T19:59:07,2017-07-11T20:01:08,019138,173,49,60,23,"z,p,t,q,lat,lon,dbz_gr_sparse,dbz_gr_sparse_min,dbz_gr_sparse_max,dbz_gr_interp,sw_gr_sparse,sw_gr_sparse_min,sw_gr_sparse_max,dbz_dpr,pre_dpr,cfb,scan_id,time,nsrr_dpr,srr_dpr,binRealSurface,typePrecip,flagPrecip",,True,True,True,36.01369094848633,43.81978225708008,119.3262939453125,126.85090637207031,508620,931,0.0018304431599229288,5400,0.010616963548425151,476,242,1614,0.003173292438362628,505669,2951,504055,1614,0.9968081887558857,458660,457347,1313,74,74,1540,4469,0.7350000143051147,2.9100000858306885,3.373499965667724,6.406749897003171,14.850000381469727,604,34,9,0,0,8406,36,23,12,8477,0,49960,True,0,0,ok,0,,train
2A.GPM.DPR.V9-20211125.20170711-S203449-E220723.019139.V07A,2A.GPM.DPR.V9-20211125.20170711-S203449-E220723.019139.V07A.nc,/storage/GR_DPR_3D/GRToDPRRes_V07_Pct_V1.2.1_sw_260412/2A.GPM.DPR.V9-20211125.20170711-S203449-E220723.019139.V07A.nc,81499729,2017-07-11,2017-07-11T21:35:18,2017-07-11T21:38:56,019139,313,49,60,23,"z,p,t,q,lat,lon,dbz_gr_sparse,dbz_gr_sparse_min,dbz_gr_sparse_max,dbz_gr_interp,sw_gr_sparse,sw_gr_sparse_min,sw_gr_sparse_max,dbz_dpr,pre_dpr,cfb,scan_id,time,nsrr_dpr,srr_dpr,binRealSurface,typePrecip,flagPrecip",,True,True,True,18.235376358032227,31.88684844970703,104.4754409790039,113.05851745605469,920220,7461,0.008107843776488231,33015,0.035877290213209886,1890,1621,55635,0.060458368650974766,900632,19588,844997,55635,0.9382267119089706,812733,768849,43884,4076,4076,51559,25554,0.7450000047683716,3.1599999904632567,4.880000114440918,10.444899692535344,69.80000305175781,22365,2675,633,166,10,13005,1702,430,200,15337,0,107487,True,0,0,ok,0,,train
2A.GPM.DPR.V9-20211125.20170712-S102806-E120040.019148.V07A,2A.GPM.DPR.V9-20211125.20170712-S102806-E120040.019148.V07A.nc,/storage/GR_DPR_3D/GRToDPRRes_V07_Pct_V1.2.1_sw_260412/2A.GPM.DPR.V9-20211125.20170712-S102806-E120040.019148.V07A.nc,165838225,2017-07-12,2017-07-12T10:56:13,2017-07-12T11:03:38,019148,637,49,60,23,"z,p,t,q,lat,lon,dbz_gr_sparse,dbz_gr_sparse_min,dbz_gr_sparse_max,dbz_gr_interp,sw_gr_sparse,sw_gr_sparse_min,sw_gr_sparse_max,dbz_dpr,pre_dpr,cfb,scan_id,time,nsrr_dpr,srr_dpr,binRealSurface,typePrecip,flagPrecip",,True,True,True,17.096595764160156,43.3125114440918,106.69378662109375,124.00147247314453,1872780,29770,0.015896154380119393,77448,0.041354563803543395,6878,6887,38461,0.02053684896250494,1861800,10980,1823339,38461,0.9793420345901815,1690542,1657155,33387,16046,16046,22415,47678,0.5149999856948853,2.195000171661377,3.9499998092651367,12.591000175476095,299.8999938964844,9375,1489,570,218,110,29309,814,314,776,31213,0,182238,True,0,0,ok,0,,train
2A.GPM.DPR.V9-20211125.20170712-S194337-E211611.019154.V07A,2A.GPM.DPR.V9-20211125.20170712-S194337-E211611.019154.V07A.nc,/storage/GR_DPR_3D/GRToDPRRes_V07_Pct_V1.2.1_sw_260412/2A.GPM.DPR.V9-20211125.20170712-S194337-E211611.019154.V07A.nc,90870673,2017-07-12,2017-07-12T20:42:40,2017-07-12T20:46:44,019154,349,49,60,23,"z,p,t,q,lat,lon,dbz_gr_sparse,dbz_gr_sparse_min,dbz_gr_sparse_max,dbz_gr_interp,sw_gr_sparse,sw_gr_sparse_min,sw_gr_sparse_max,dbz_dpr,pre_dpr,cfb,scan_id,time,nsrr_dpr,srr_dpr,binRealSurface,typePrecip,flagPrecip",,True,True,True,21.750940322875977,36.72721862792969,109.97298431396484,120.01201629638672,1026060,6983,0.006805644894060776,24794,0.024164278892072587,3375,2668,3159,0.0030787673235483305,1011096,14964,1007937,3159,0.9968756675923948,914176,911817,2359,1001,1001,2158,17811,0.33000001311302185,0.9699999809265136,1.64099998474121,7.3767999172210725,12.53499984741211,303,56,8,0,0,16893,97,36,75,17101,0,111884,True,0,0,ok,0,,train
2A.GPM.DPR.V9-20211125.20170714-S101817-E115051.019179.V07A,2A.GPM.DPR.V9-20211125.20170714-S101817-E115051.019179.V07A.nc,/storage/GR_DPR_3D/GRToDPRRes_V07_Pct_V1.2.1_sw_260412/2A.GPM.DPR.V9-20211125.20170714-S101817-E115051.019179.V07A.nc,128094145,2017-07-14,2017-07-14T10:47:57,2017-07-14T10:53:41,019179,492,49,60,23,"z,p,t,q,lat,lon,dbz_gr_sparse,dbz_gr_sparse_min,dbz_gr_sparse_max,dbz_gr_interp,sw_gr_sparse,sw_gr_sparse_min,sw_gr_sparse_max,dbz_dpr,pre_dpr,cfb,scan_id,time,nsrr_dpr,srr_dpr,binRealSurface,typePrecip,flagPrecip",,True,True,True,22.5152645111084,42.88315200805664,102.8926773071289,117.3441162109375,1446480,18260,0.012623748686466457,97323,0.06728264476522317,3465,1444,123016,0.08504507494054532,1353128,93352,1230112,123016,0.9090876842397763,1210458,1104879,105579,14447,14447,108569,79063,0.6899999976158142,3.380000114440918,5.779999852180481,17.194249820709256,90.66000366210938,42790,7385,2784,920,97,18903,2359,712,2134,24108,0,236022,True,0,0,ok,0,,train
2A.GPM.DPR.V9-20211125.20170714-S193348-E210622.019185.V07A,2A.GPM.DPR.V9-20211125.20170714-S193348-E210622.019185.V07A.nc,/storage/GR_DPR_3D/GRToDPRRes_V07_Pct_V1.2.1_sw_260412/2A.GPM.DPR.V9-20211125.20170714-S193348-E210622.019185.V07A.nc,84363073,2017-07-14,2017-07-14T20:33:49,2017-07-14T20:37:35,019185,324,49,60,23,"z,p,t,q,lat,lon,dbz_gr_sparse,dbz_gr_sparse_min,dbz_gr_sparse_max,dbz_gr_interp,sw_gr_sparse,sw_gr_sparse_min,sw_gr_sparse_max,dbz_dpr,pre_dpr,cfb,scan_id,time,nsrr_dpr,srr_dpr,binRealSurface,typePrecip,flagPrecip",,True,True,True,19.40306282043457,33.46393966674805,105.806640625,114.81690216064453,952560,4266,0.004478458049886621,25186,0.026440329218106996,1332,834,30733,0.03226358444612413,928486,24074,897753,30733,0.9668998778656868,834627,810189,24438,2066,2066,28667,20920,0.8949999809265137,5.474999904632568,9.439999961853028,28.74380111694337,102.69499969482422,14203,3432,1428,582,79,14534,604,557,181,15876,0,117933,True,0,0,ok,0,,train
2A.GPM.DPR.V9-20211125.20170715-S092704-E105939.019194.V07A,2A.GPM.DPR.V9-20211125.20170715-S092704-E105939.019194.V07A.nc,/storage/GR_DPR_3D/GRToDPRRes_V07_Pct_V1.2.1_sw_260412/2A.GPM.DPR.V9-20211125.20170715-S092704-E105939.019194.V07A.nc,165577921,2017-07-15,2017-07-15T09:54:57,2017-07-15T10:02:21,019194,636,49,60,23,"z,p,t,q,lat,lon,dbz_gr_sparse,dbz_gr_sparse_min,dbz_gr_sparse_max,dbz_gr_interp,sw_gr_sparse,sw_gr_sparse_min,sw_gr_sparse_max,dbz_dpr,pre_dpr,cfb,scan_id,time,nsrr_dpr,srr_dpr,binRealSurface,typePrecip,flagPrecip",,True,True,True,16.246267318725586,42.48967742919922,108.60830688476562,125.58192443847656,1869840,87009,0.04653285842638943,205117,0.10969762118683951,11194,12466,177627,0.09499582852008728,1858133,11707,1680506,177627,0.9044056587983745,1686148,1534583,151565,62031,62031,115596,118108,0.6599999666213989,3.9650001525878906,6.485000133514404,22.899600105285273,211.4600067138672,62668,13120,4903,2100,362,24376,3453,1694,1641,31164,0,183692,True,0,0,ok,0,,train
2A.GPM.DPR.V9-20211125.20170715-S184236-E201509.019200.V07A,2A.GPM.DPR.V9-20211125.20170715-S184236-E201509.019200.V07A.nc,/storage/GR_DPR_3D/GRToDPRRes_V07_Pct_V1.2.1_sw_260412/2A.GPM.DPR.V9-20211125.20170715-S184236-E201509.019200.V07A.nc,88007329,2017-07-15,2017-07-15T19:41:23,2017-07-15T19:45:19,019200,338,49,60,23,"z,p,t,q,lat,lon,dbz_gr_sparse,dbz_gr_sparse_min,dbz_gr_sparse_max,dbz_gr_interp,sw_gr_sparse,sw_gr_sparse_min,sw_gr_sparse_max,dbz_dpr,pre_dpr,cfb,scan_id,time,nsrr_dpr,srr_dpr,binRealSurface,typePrecip,flagPrecip",,True,True,True,23.089797973632812,37.59286117553711,111.66100311279297,121.656982421875,993720,14967,0.015061586764883467,45657,0.045945537978505015,4702,3333,17390,0.017499899368031237,978784,14936,961394,17390,0.9822330565272829,884699,869889,14810,8100,8100,9290,30690,0.9300000071525574,6.284999847412109,10.372749948501584,25.531049652099643,71.8699951171875,8318,2180,935,272,13,15977,227,258,100,16562,0,109021,True,0,0,ok,0,,train
2A.GPM.DPR.V9-20211125.20170717-S091714-E104948.019225.V07A,2A.GPM.DPR.V9-20211125.20170717-S091714-E104948.019225.V07A.nc,/storage/GR_DPR_3D/GRToDPRRes_V07_Pct_V1.2.1_sw_260412/2A.GPM.DPR.V9-20211125.20170717-S091714-E104948.019225.V07A.nc,142410865,2017-07-17,2017-07-17T09:46:18,2017-07-17T09:52:40,019225,547,49,60,23,"z,p,t,q,lat,lon,dbz_gr_sparse,dbz_gr_sparse_min,dbz_gr_sparse_max,dbz_gr_interp,sw_gr_sparse,sw_gr_sparse_min,sw_gr_sparse_max,dbz_dpr,pre_dpr,cfb,scan_id,time,nsrr_dpr,srr_dpr,binRealSurface,typePrecip,flagPrecip",,True,True,True,20.37843132019043,42.96455764770508,104.1783447265625,119.70565795898438,1608180,30513,0.01897362235570645,76764,0.047733462672088944,4822,4698,72657,0.04517964406969369,1554046,54134,1481389,72657,0.9532465576952034,1398196,1337160,61036,19281,19281,53376,46251,0.7350000143051147,4.400000095367432,7.654999732971191,22.868199844360422,125.63999938964844,28739,6222,2491,920,65,23871,1205,961,766,26803,0,209984,True,0,0,ok,0,,train
2A.GPM.DPR.V9-20211125.20170717-S183245-E200519.019231.V07A,2A.GPM.DPR.V9-20211125.20170717-S183245-E200519.019231.V07A.nc,/storage/GR_DPR_3D/GRToDPRRes_V07_Pct_V1.2.1_sw_260412/2A.GPM.DPR.V9-20211125.20170717-S183245-E200519.019231.V07A.nc,85404289,2017-07-17,2017-07-17T19:32:30,2017-07-17T19:36:19,019231,328,49,60,23,"z,p,t,q,lat,lon,dbz_gr_sparse,dbz_gr_sparse_min,dbz_gr_sparse_max,dbz_gr_interp,sw_gr_sparse,sw_gr_sparse_min,sw_gr_sparse_max,dbz_dpr,pre_dpr,cfb,scan_id,time,nsrr_dpr,srr_dpr,binRealSurface,typePrecip,flagPrecip",,True,True,True,20.140085220336914,34.339881896972656,107.55197143554688,116.77340698242188,964320,15262,0.015826696532271447,40078,0.041560892649742824,3447,3856,22970,0.02381989381118301,941287,23033,918317,22970,0.9755972407990336,845238,828362,16876,7801,7801,15169,24816,0.7099999785423279,2.9200000762939453,4.452749872207638,10.376200389862086,79.33000183105469,8587,947,251,72,19,15022,610,378,62,16072,0,119082,True,0,0,ok,0,,train
2A.GPM.DPR.V9-20211125.20170718-S082601-E095835.019240.V07A,2A.GPM.DPR.V9-20211125.20170718-S082601-E095835.019240.V07A.nc,/storage/GR_DPR_3D/GRToDPRRes_V07_Pct_V1.2.1_sw_260412/2A.GPM.DPR.V9-20211125.20170718-S082601-E095835.019240.V07A.nc,157768801,2017-07-18,2017-07-18T08:54:00,2017-07-18T09:01:03,019240,606,49,60,23,"z,p,t,q,lat,lon,dbz_gr_sparse,dbz_gr_sparse_min,dbz_gr_sparse_max,dbz_gr_interp,sw_gr_sparse,sw_gr_sparse_min,sw_gr_sparse_max,dbz_dpr,pre_dpr,cfb,scan_id,time,nsrr_dpr,srr_dpr,binRealSurface,typePrecip,flagPrecip",,True,True,True,16.646024703979492,41.724063873291016,111.07987213134766,127.2436294555664,1781640,73346,0.04116768819739117,169922,0.0953739251476168,8172,7836,144028,0.08084012482880941,1768358,13282,1624330,144028,0.9185526912536941,1603760,1485324,118436,58172,58172,85856,96576,0.8949999809265137,5.039999961853027,7.909999847412109,19.81999969482422,299.1199951171875,67313,14550,4819,1412,219,24386,3807,1071,430,29694,0,177880,True,0,0,ok,0,,train
2A.GPM.DPR.V9-20211125.20170718-S174131-E191405.019246.V07A,2A.GPM.DPR.V9-20211125.20170718-S174131-E191405.019246.V07A.nc,/storage/GR_DPR_3D/GRToDPRRes_V07_Pct_V1.2.1_sw_260412/2A.GPM.DPR.V9-20211125.20170718-S174131-E191405.019246.V07A.nc,99981313,2017-07-18,2017-07-18T18:39:20,2017-07-18T18:43:48,019246,384,49,60,23,"z,p,t,q,lat,lon,dbz_gr_sparse,dbz_gr_sparse_min,dbz_gr_sparse_max,dbz_gr_interp,sw_gr_sparse,sw_gr_sparse_min,sw_gr_sparse_max,dbz_dpr,pre_dpr,cfb,scan_id,time,nsrr_dpr,srr_dpr,binRealSurface,typePrecip,flagPrecip",,True,True,True,24.59593963623047,40.811920166015625,111.56670379638672,123.2123031616211,1128960,32193,0.028515625,71737,0.06354255243764172,5780,5971,43514,0.03854343820861678,1112305,16655,1068791,43514,0.960879435047042,1007629,970430,37199,20239,20239,23275,39544,0.7599999904632568,4.228499794006369,7.105000019073486,12.055000305175781,31.150001525878906,17363,3676,870,30,0,17133,1253,86,344,18816,0,121331,True,0,0,ok,0,,train
2A.GPM.DPR.V9-20211125.20170719-S090722-E103956.019256.V07A,2A.GPM.DPR.V9-20211125.20170719-S090722-E103956.019256.V07A.nc,/storage/GR_DPR_3D/GRToDPRRes_V07_Pct_V1.2.1_sw_260412/2A.GPM.DPR.V9-20211125.20170719-S090722-E103956.019256.V07A.nc,25272460,2017-07-19,2017-07-19T09:38:38,2017-07-19T09:39:46,019256,97,49,60,23,"z,p,t,q,lat,lon,dbz_gr_sparse,dbz_gr_sparse_min,dbz_gr_sparse_max,dbz_gr_interp,sw_gr_sparse,sw_gr_sparse_min,sw_gr_sparse_max,dbz_dpr,pre_dpr,cfb,scan_id,time,nsrr_dpr,srr_dpr,binRealSurface,typePrecip,flagPrecip",,True,True,True,28.015003204345703,32.88871765136719,101.711181640625,106.18415832519531,285180,16,5.6104916193281435e-05,363,0.0012728802861350726,15,2,967,0.003390840872431447,261647,23533,260680,967,0.9963041808237817,231256,230675,581,0,0,967,347,0.8349999785423279,3.126999998092651,5.653499984741207,10.895799827575688,16.799999237060547,403,56,19,0,0,4696,19,38,0,4753,0,53924,True,0,0,ok,0,,train
2A.GPM.DPR.V9-20211125.20170719-S165017-E182251.019261.V07A,2A.GPM.DPR.V9-20211125.20170719-S165017-E182251.019261.V07A.nc,/storage/GR_DPR_3D/GRToDPRRes_V07_Pct_V1.2.1_sw_260412/2A.GPM.DPR.V9-20211125.20170719-S165017-E182251.019261.V07A.nc,44796319,2017-07-19,2017-07-19T17:47:23,2017-07-19T17:49:22,019261,172,49,60,23,"z,p,t,q,lat,lon,dbz_gr_sparse,dbz_gr_sparse_min,dbz_gr_sparse_max,dbz_gr_interp,sw_gr_sparse,sw_gr_sparse_min,sw_gr_sparse_max,dbz_dpr,pre_dpr,cfb,scan_id,time,nsrr_dpr,srr_dpr,binRealSurface,typePrecip,flagPrecip",,True,True,True,35.38613510131836,43.169334411621094,118.20223236083984,125.58338928222656,505680,3146,0.006221325739598165,12302,0.02432763803195697,1047,845,3933,0.007777645942097769,501720,3960,497787,3933,0.9921609662760105,455308,452498,2810,988,988,2945,9156,1.059999942779541,4.634000205993654,7.833000087738021,19.74419982910155,34.01499938964844,2050,362,137,37,0,8206,53,169,0,8428,0,50372,True,0,0,ok,0,,train
2A.GPM.DPR.V9-20211125.20170719-S182252-E195526.019262.V07A,2A.GPM.DPR.V9-20211125.20170719-S182252-E195526.019262.V07A.nc,/storage/GR_DPR_3D/GRToDPRRes_V07_Pct_V1.2.1_sw_260412/2A.GPM.DPR.V9-20211125.20170719-S182252-E195526.019262.V07A.nc,81499729,2017-07-19,2017-07-19T19:23:33,2017-07-19T19:27:12,019262,313,49,60,23,"z,p,t,q,lat,lon,dbz_gr_sparse,dbz_gr_sparse_min,dbz_gr_sparse_max,dbz_gr_interp,sw_gr_sparse,sw_gr_sparse_min,sw_gr_sparse_max,dbz_dpr,pre_dpr,cfb,scan_id,time,nsrr_dpr,srr_dpr,binRealSurface,typePrecip,flagPrecip",,True,True,True,17.520505905151367,31.186830520629883,103.19275665283203,111.6839599609375,920220,22164,0.024085544761035405,51288,0.05573449827215231,3019,3263,52334,0.05687118297798353,896027,24193,843693,52334,0.9415932778811352,809270,767834,41436,16671,16671,35663,29124,0.8200000524520874,4.445000171661377,7.43175017833709,18.110000610351562,135.46499633789062,22739,4436,1672,426,55,13131,1368,671,167,15337,0,110950,True,0,0,ok,0,,train
2A.GPM.DPR.V9-20211125.20170720-S081608-E094842.019271.V07A,2A.GPM.DPR.V9-20211125.20170720-S081608-E094842.019271.V07A.nc,/storage/GR_DPR_3D/GRToDPRRes_V07_Pct_V1.2.1_sw_260412/2A.GPM.DPR.V9-20211125.20170720-S081608-E094842.019271.V07A.nc,166098529,2017-07-20,2017-07-20T08:44:26,2017-07-20T08:51:52,019271,638,49,60,23,"z,p,t,q,lat,lon,dbz_gr_sparse,dbz_gr_sparse_min,dbz_gr_sparse_max,dbz_gr_interp,sw_gr_sparse,sw_gr_sparse_min,sw_gr_sparse_max,dbz_dpr,pre_dpr,cfb,scan_id,time,nsrr_dpr,srr_dpr,binRealSurface,typePrecip,flagPrecip",,True,True,True,17.74234390258789,43.945838928222656,105.29266357421875,122.87308502197266,1875720,25232,0.0134519011366302,89339,0.047629177062674596,8118,6642,82991,0.0442448766340392,1858768,16952,1775777,82991,0.9553516092379468,1686279,1618945,67334,12246,12246,70745,64107,0.6850000023841858,4.380000114440918,8.40999984741211,29.21049919128421,202.8599853515625,31687,7354,3464,1413,216,27680,1994,1098,490,31262,0,189441,True,0,0,ok,0,,train
2A.GPM.DPR.V9-20211125.20170720-S173138-E190412.019277.V07A,2A.GPM.DPR.V9-20211125.20170720-S173138-E190412.019277.V07A.nc,/storage/GR_DPR_3D/GRToDPRRes_V07_Pct_V1.2.1_sw_260412/2A.GPM.DPR.V9-20211125.20170720-S173138-E190412.019277.V07A.nc,91130977,2017-07-20,2017-07-20T18:30:52,2017-07-20T18:34:57,019277,350,49,60,23,"z,p,t,q,lat,lon,dbz_gr_sparse,dbz_gr_sparse_min,dbz_gr_sparse_max,dbz_gr_interp,sw_gr_sparse,sw_gr_sparse_min,sw_gr_sparse_max,dbz_dpr,pre_dpr,cfb,scan_id,time,nsrr_dpr,srr_dpr,binRealSurface,typePrecip,flagPrecip",,True,True,True,21.046985626220703,36.084815979003906,108.72351837158203,118.66094207763672,1029000,5194,0.005047619047619047,22847,0.022203109815354713,3103,2372,3089,0.003001943634596696,1012189,16811,1009100,3089,0.9969481984095856,915220,912718,2502,490,490,2599,17653,0.8199999928474426,2.5420000076293974,3.634999990463257,6.051600112915033,9.03499984741211,1245,70,0,0,0,17002,67,78,3,17150,0,113780,True,0,0,ok,0,,train
2A.GPM.DPR.V9-20211125.20170722-S080613-E093847.019302.V07A,2A.GPM.DPR.V9-20211125.20170722-S080613-E093847.019302.V07A.nc,/storage/GR_DPR_3D/GRToDPRRes_V07_Pct_V1.2.1_sw_260412/2A.GPM.DPR.V9-20211125.20170722-S080613-E093847.019302.V07A.nc,102324049,2017-07-22,2017-07-22T08:37:15,2017-07-22T08:41:49,019302,393,49,60,23,"z,p,t,q,lat,lon,dbz_gr_sparse,dbz_gr_sparse_min,dbz_gr_sparse_max,dbz_gr_interp,sw_gr_sparse,sw_gr_sparse_min,sw_gr_sparse_max,dbz_dpr,pre_dpr,cfb,scan_id,time,nsrr_dpr,srr_dpr,binRealSurface,typePrecip,flagPrecip",,True,True,True,27.153844833374023,43.51215362548828,103.56458282470703,116.2235107421875,1155420,1643,0.0014219937338803205,12735,0.011021966038323727,860,660,42484,0.036769313323293695,1084801,70619,1042317,42484,0.9608370567505008,973581,937441,36140,512,512,41972,11092,0.6699999570846558,4.545000076293945,7.039999961853027,16.469999313354492,41.95000076293945,15986,3720,1154,238,0,17328,438,598,893,19257,0,181839,True,0,0,ok,0,,train
2A.GPM.DPR.V9-20211125.20170722-S154909-E172142.019307.V07A,2A.GPM.DPR.V9-20211125.20170722-S154909-E172142.019307.V07A.nc,/storage/GR_DPR_3D/GRToDPRRes_V07_Pct_V1.2.1_sw_260412/2A.GPM.DPR.V9-20211125.20170722-S154909-E172142.019307.V07A.nc,39590559,2017-07-22,2017-07-22T16:46:12,2017-07-22T16:47:57,019307,152,49,60,23,"z,p,t,q,lat,lon,dbz_gr_sparse,dbz_gr_sparse_min,dbz_gr_sparse_max,dbz_gr_interp,sw_gr_sparse,sw_gr_sparse_min,sw_gr_sparse_max,dbz_dpr,pre_dpr,cfb,scan_id,time,nsrr_dpr,srr_dpr,binRealSurface,typePrecip,flagPrecip",,True,True,True,36.277488708496094,43.290771484375,120.4142837524414,127.29313659667969,446880,475,0.0010629251700680273,3211,0.007185374149659864,338,306,9190,0.020564804869316146,444550,2330,435360,9190,0.9793274097401867,403378,396221,7157,1,1,9189,2736,1.0850000381469727,8.120999908447269,14.050000190734863,37.12430030822762,113.68499755859375,4810,1359,752,296,36,7025,116,251,56,7448,0,43502,True,0,0,ok,0,,train
2A.GPM.DPR.V9-20211125.20170722-S172143-E185417.019308.V07A,2A.GPM.DPR.V9-20211125.20170722-S172143-E185417.019308.V07A.nc,/storage/GR_DPR_3D/GRToDPRRes_V07_Pct_V1.2.1_sw_260412/2A.GPM.DPR.V9-20211125.20170722-S172143-E185417.019308.V07A.nc,81239425,2017-07-22,2017-07-22T18:22:09,2017-07-22T18:25:46,019308,312,49,60,23,"z,p,t,q,lat,lon,dbz_gr_sparse,dbz_gr_sparse_min,dbz_gr_sparse_max,dbz_gr_interp,sw_gr_sparse,sw_gr_sparse_min,sw_gr_sparse_max,dbz_dpr,pre_dpr,cfb,scan_id,time,nsrr_dpr,srr_dpr,binRealSurface,typePrecip,flagPrecip",,True,True,True,18.502487182617188,32.10830307006836,104.9677963256836,113.56318664550781,917280,2660,0.0028998778998779,9764,0.010644514215942787,1320,1056,1833,0.001998299319727891,898169,19111,896336,1833,0.997959181401273,809746,808448,1298,381,381,1452,7104,0.6100000143051147,2.2750000953674316,3.5689998626708936,7.503800239562991,9.139999389648438,606,57,0,0,0,15175,41,62,10,15288,0,107534,True,0,0,ok,0,,train
2A.GPM.DPR.V9-20211125.20170723-S071458-E084732.019317.V07A,2A.GPM.DPR.V9-20211125.20170723-S071458-E084732.019317.V07A.nc,/storage/GR_DPR_3D/GRToDPRRes_V07_Pct_V1.2.1_sw_260412/2A.GPM.DPR.V9-20211125.20170723-S071458-E084732.019317.V07A.nc,165577921,2017-07-23,2017-07-23T07:43:01,2017-07-23T07:50:26,019317,636,49,60,23,"z,p,t,q,lat,lon,dbz_gr_sparse,dbz_gr_sparse_min,dbz_gr_sparse_max,dbz_gr_interp,sw_gr_sparse,sw_gr_sparse_min,sw_gr_sparse_max,dbz_dpr,pre_dpr,cfb,scan_id,time,nsrr_dpr,srr_dpr,binRealSurface,typePrecip,flagPrecip",,True,True,True,16.87218475341797,43.06999588012695,107.22743225097656,124.42096710205078,1869840,51494,0.027539254695588926,132262,0.0707343943866855,9437,9735,89940,0.04810037222436144,1857475,12365,1767535,89940,0.9515794290636482,1685964,1609659,76305,31566,31566,58374,80768,0.75,4.744999885559082,8.415249967575088,24.929150867462166,299.8900146484375,37302,8432,3403,1259,115,27620,1469,1218,857,31164,0,183876,True,0,0,ok,0,,train
2A.GPM.DPR.V9-20211125.20170723-S163028-E180302.019323.V07A,2A.GPM.DPR.V9-20211125.20170723-S163028-E180302.019323.V07A.nc,/storage/GR_DPR_3D/GRToDPRRes_V07_Pct_V1.2.1_sw_260412/2A.GPM.DPR.V9-20211125.20170723-S163028-E180302.019323.V07A.nc,90870673,2017-07-23,2017-07-23T17:29:27,2017-07-23T17:33:31,019323,349,49,60,23,"z,p,t,q,lat,lon,dbz_gr_sparse,dbz_gr_sparse_min,dbz_gr_sparse_max,dbz_gr_interp,sw_gr_sparse,sw_gr_sparse_min,sw_gr_sparse_max,dbz_dpr,pre_dpr,cfb,scan_id,time,nsrr_dpr,srr_dpr,binRealSurface,typePrecip,flagPrecip",,True,True,True,22.006790161132812,36.974334716796875,110.44169616699219,120.52900695800781,1026060,6694,0.006523984952147048,27397,0.02670116757304641,4164,3167,40,3.898407500536031e-05,1010683,15377,1010643,40,0.9999604228031935,913959,913937,22,0,0,40,20703,0.9774999618530273,2.0055001020431518,2.0207499742507933,4.7982999753952,6.565000057220459,20,1,0,0,0,17096,0,5,0,17101,0,112101,True,0,0,ok,0,,train
2A.GPM.DPR.V9-20211125.20170725-S070502-E083736.019348.V07A,2A.GPM.DPR.V9-20211125.20170725-S070502-E083736.019348.V07A.nc,/storage/GR_DPR_3D/GRToDPRRes_V07_Pct_V1.2.1_sw_260412/2A.GPM.DPR.V9-20211125.20170725-S070502-E083736.019348.V07A.nc,134341441,2017-07-25,2017-07-25T07:34:39,2017-07-25T07:40:39,019348,516,49,60,23,"z,p,t,q,lat,lon,dbz_gr_sparse,dbz_gr_sparse_min,dbz_gr_sparse_max,dbz_gr_interp,sw_gr_sparse,sw_gr_sparse_min,sw_gr_sparse_max,dbz_dpr,pre_dpr,cfb,scan_id,time,nsrr_dpr,srr_dpr,binRealSurface,typePrecip,flagPrecip",,True,True,True,22.292997360229492,43.58011245727539,103.44829559326172,118.6088638305664,1517040,6844,0.004511416969888731,38317,0.025257738754416496,2260,1533,35687,0.023524099562305542,1428001,89039,1392314,35687,0.975009121142072,1277561,1250509,27052,2917,2917,32770,31473,0.7549999952316284,4.194999694824219,6.224999904632568,11.46920011520384,33.81999969482422,14615,2761,500,30,0,23511,728,734,311,25284,0,239479,True,0,0,ok,0,,train
2A.GPM.DPR.V9-20211125.20170725-S144757-E162031.019353.V07A,2A.GPM.DPR.V9-20211125.20170725-S144757-E162031.019353.V07A.nc,/storage/GR_DPR_3D/GRToDPRRes_V07_Pct_V1.2.1_sw_260412/2A.GPM.DPR.V9-20211125.20170725-S144757-E162031.019353.V07A.nc,22409292,2017-07-25,2017-07-25T15:44:44,2017-07-25T15:45:43,019353,86,49,60,23,"z,p,t,q,lat,lon,dbz_gr_sparse,dbz_gr_sparse_min,dbz_gr_sparse_max,dbz_gr_interp,sw_gr_sparse,sw_gr_sparse_min,sw_gr_sparse_max,dbz_dpr,pre_dpr,cfb,scan_id,time,nsrr_dpr,srr_dpr,binRealSurface,typePrecip,flagPrecip",,True,True,True,39.67486572265625,44.178016662597656,121.96018981933594,127.1224136352539,252840,10,3.9550704002531244e-05,258,0.0010204081632653062,9,4,8,3.1640563202025e-05,248291,4549,248283,8,0.9999677797423185,224261,224258,3,0,0,8,248,0.1599999964237213,5.956499910354612,9.720749783515924,12.73214968204498,13.484999656677246,3,1,1,0,0,4213,0,1,0,4214,0,28579,True,0,0,ok,0,,train
2A.GPM.DPR.V9-20211125.20170725-S162032-E175306.019354.V07A,2A.GPM.DPR.V9-20211125.20170725-S162032-E175306.019354.V07A.nc,/storage/GR_DPR_3D/GRToDPRRes_V07_Pct_V1.2.1_sw_260412/2A.GPM.DPR.V9-20211125.20170725-S162032-E175306.019354.V07A.nc,84363073,2017-07-25,2017-07-25T17:20:29,2017-07-25T17:24:15,019354,324,49,60,23,"z,p,t,q,lat,lon,dbz_gr_sparse,dbz_gr_sparse_min,dbz_gr_sparse_max,dbz_gr_interp,sw_gr_sparse,sw_gr_sparse_min,sw_gr_sparse_max,dbz_dpr,pre_dpr,cfb,scan_id,time,nsrr_dpr,srr_dpr,binRealSurface,typePrecip,flagPrecip",,True,True,True,19.663022994995117,33.71731185913086,106.31816101074219,115.36741638183594,952560,2277,0.002390400604686319,9804,0.010292265054169816,1372,1203,1977,0.0020754598135550514,926853,25707,924876,1977,0.9978669756692808,832432,831167,1265,23,23,1954,7527,0.75,5.13400001525879,6.74199981689453,20.989200744628906,30.985000610351562,830,213,44,22,0,15764,33,63,16,15876,0,120128,True,0,0,ok,0,,train
2A.GPM.DPR.V9-20211125.20170726-S061346-E074620.019363.V07A,2A.GPM.DPR.V9-20211125.20170726-S061346-E074620.019363.V07A.nc,/storage/GR_DPR_3D/GRToDPRRes_V07_Pct_V1.2.1_sw_260412/2A.GPM.DPR.V9-20211125.20170726-S061346-E074620.019363.V07A.nc,165577921,2017-07-26,2017-07-26T06:41:35,2017-07-26T06:48:59,019363,636,49,60,23,"z,p,t,q,lat,lon,dbz_gr_sparse,dbz_gr_sparse_min,dbz_gr_sparse_max,dbz_gr_interp,sw_gr_sparse,sw_gr_sparse_min,sw_gr_sparse_max,dbz_dpr,pre_dpr,cfb,scan_id,time,nsrr_dpr,srr_dpr,binRealSurface,typePrecip,flagPrecip",,True,True,True,16.02742576599121,42.28903579711914,109.19121551513672,126.08889770507812,1869840,32922,0.01760685406237967,92026,0.04921597569845548,8994,8146,41650,0.022274633123689727,1858882,10958,1817232,41650,0.9775940592248459,1687209,1651967,35242,12096,12096,29554,59104,0.7699999809265137,4.840000152587891,8.295000076293945,21.33275047302251,96.38999938964844,17540,4013,1529,496,59,29489,526,685,464,31164,0,182631,True,0,0,ok,0,,train
2A.GPM.DPR.V9-20211125.20170726-S152916-E170150.019369.V07A,2A.GPM.DPR.V9-20211125.20170726-S152916-E170150.019369.V07A.nc,/storage/GR_DPR_3D/GRToDPRRes_V07_Pct_V1.2.1_sw_260412/2A.GPM.DPR.V9-20211125.20170726-S152916-E170150.019369.V07A.nc,95816449,2017-07-26,2017-07-26T16:27:38,2017-07-26T16:31:55,019369,368,49,60,23,"z,p,t,q,lat,lon,dbz_gr_sparse,dbz_gr_sparse_min,dbz_gr_sparse_max,dbz_gr_interp,sw_gr_sparse,sw_gr_sparse_min,sw_gr_sparse_max,dbz_dpr,pre_dpr,cfb,scan_id,time,nsrr_dpr,srr_dpr,binRealSurface,typePrecip,flagPrecip",,True,True,True,23.340591430664062,38.99633026123047,111.33547973632812,122.21953582763672,1081920,15792,0.014596273291925466,55511,0.051307860100561965,5214,4642,36599,0.03382782460810411,1062630,19290,1026031,36599,0.9655580964211438,960252,929116,31136,6485,6485,30114,39719,0.7050000429153442,4.134999847412109,6.955999946594224,19.24559894561758,109.72999572753906,13572,2911,1131,338,20,16580,803,312,337,18032,0,121668,True,0,0,ok,0,,train
2A.GPM.DPR.V9-20211125.20170727-S143759-E161033.019384.V07A,2A.GPM.DPR.V9-20211125.20170727-S143759-E161033.019384.V07A.nc,/storage/GR_DPR_3D/GRToDPRRes_V07_Pct_V1.2.1_sw_260412/2A.GPM.DPR.V9-20211125.20170727-S143759-E161033.019384.V07A.nc,51043231,2017-07-27,2017-07-27T15:35:00,2017-07-27T15:37:16,019384,196,49,60,23,"z,p,t,q,lat,lon,dbz_gr_sparse,dbz_gr_sparse_min,dbz_gr_sparse_max,dbz_gr_interp,sw_gr_sparse,sw_gr_sparse_min,sw_gr_sparse_max,dbz_dpr,pre_dpr,cfb,scan_id,time,nsrr_dpr,srr_dpr,binRealSurface,typePrecip,flagPrecip",,True,True,True,34.73537063598633,43.436702728271484,116.36698150634766,124.41212463378906,576240,6968,0.012092183812300431,19698,0.034183673469387756,1844,2580,7761,0.013468346522282383,567014,9226,559253,7761,0.9863125072749527,513893,507456,6437,2752,2752,5009,12730,0.4050000011920929,1.5299999713897705,2.2350001335144043,7.1910000801086005,17.709999084472656,1301,159,50,0,0,9058,167,110,269,9604,0,62347,True,0,0,ok,0,,train
2A.GPM.DPR.V9-20211125.20170727-S161034-E174308.019385.V07A,2A.GPM.DPR.V9-20211125.20170727-S161034-E174308.019385.V07A.nc,/storage/GR_DPR_3D/GRToDPRRes_V07_Pct_V1.2.1_sw_260412/2A.GPM.DPR.V9-20211125.20170727-S161034-E174308.019385.V07A.nc,81760033,2017-07-27,2017-07-27T17:11:26,2017-07-27T17:15:05,019385,314,49,60,23,"z,p,t,q,lat,lon,dbz_gr_sparse,dbz_gr_sparse_min,dbz_gr_sparse_max,dbz_gr_interp,sw_gr_sparse,sw_gr_sparse_min,sw_gr_sparse_max,dbz_dpr,pre_dpr,cfb,scan_id,time,nsrr_dpr,srr_dpr,binRealSurface,typePrecip,flagPrecip",,True,True,True,16.8642520904541,30.583566665649414,101.93701171875,110.3697509765625,923160,3360,0.003639672429481347,14653,0.015872654794401836,1057,967,31942,0.03460071926859916,882261,40899,850319,31942,0.9637952941363157,792580,765033,27547,1229,1229,30713,11293,0.7949999570846558,4.550000190734863,7.010000228881836,17.037949352264405,41.95000076293945,13232,2762,931,158,0,14318,410,278,380,15386,0,130580,True,0,0,ok,0,,train
2A.GPM.DPR.V9-20211125.20170728-S060348-E073622.019394.V07A,2A.GPM.DPR.V9-20211125.20170728-S060348-E073622.019394.V07A.nc,/storage/GR_DPR_3D/GRToDPRRes_V07_Pct_V1.2.1_sw_260412/2A.GPM.DPR.V9-20211125.20170728-S060348-E073622.019394.V07A.nc,155165761,2017-07-28,2017-07-28T06:32:46,2017-07-28T06:39:43,019394,596,49,60,23,"z,p,t,q,lat,lon,dbz_gr_sparse,dbz_gr_sparse_min,dbz_gr_sparse_max,dbz_gr_interp,sw_gr_sparse,sw_gr_sparse_min,sw_gr_sparse_max,dbz_dpr,pre_dpr,cfb,scan_id,time,nsrr_dpr,srr_dpr,binRealSurface,typePrecip,flagPrecip",,True,True,True,20.073150634765625,44.520164489746094,104.74715423583984,121.79304504394531,1752240,39256,0.022403323745605625,121048,0.06908186093229238,8232,7210,87958,0.05019746153494955,1710325,41915,1622367,87958,0.9485723473608817,1545193,1472854,72339,23299,23299,64659,81792,0.6499999761581421,2.6600000858306885,4.159999847412109,10.28499984741211,232.7550048828125,29698,3326,930,223,23,25651,2168,677,708,29204,0,207047,True,0,0,ok,0,,train
2A.GPM.DPR.V9-20211125.20170728-S151917-E165151.019400.V07A,2A.GPM.DPR.V9-20211125.20170728-S151917-E165151.019400.V07A.nc,/storage/GR_DPR_3D/GRToDPRRes_V07_Pct_V1.2.1_sw_260412/2A.GPM.DPR.V9-20211125.20170728-S151917-E165151.019400.V07A.nc,91130977,2017-07-28,2017-07-28T16:18:43,2017-07-28T16:22:47,019400,350,49,60,23,"z,p,t,q,lat,lon,dbz_gr_sparse,dbz_gr_sparse_min,dbz_gr_sparse_max,dbz_gr_interp,sw_gr_sparse,sw_gr_sparse_min,sw_gr_sparse_max,dbz_dpr,pre_dpr,cfb,scan_id,time,nsrr_dpr,srr_dpr,binRealSurface,typePrecip,flagPrecip",,True,True,True,20.407835006713867,35.46519088745117,107.5413589477539,117.36563873291016,1029000,11053,0.010741496598639455,33924,0.03296793002915452,3811,4084,10720,0.010417881438289601,1006172,22828,995452,10720,0.9893457579817367,905553,896745,8808,3635,3635,7085,22871,0.6349999904632568,2.150500082969667,3.3104999423026964,7.518599743843048,16.364999771118164,3273,258,37,0,0,16609,210,130,201,17150,0,123447,True,0,0,ok,0,,train
2A.GPM.DPR.V9-20211125.20170730-S055349-E072623.019425.V07A,2A.GPM.DPR.V9-20211125.20170730-S055349-E072623.019425.V07A.nc,/storage/GR_DPR_3D/GRToDPRRes_V07_Pct_V1.2.1_sw_260412/2A.GPM.DPR.V9-20211125.20170730-S055349-E072623.019425.V07A.nc,25272460,2017-07-30,2017-07-30T06:25:00,2017-07-30T06:26:08,019425,97,49,60,23,"z,p,t,q,lat,lon,dbz_gr_sparse,dbz_gr_sparse_min,dbz_gr_sparse_max,dbz_gr_interp,sw_gr_sparse,sw_gr_sparse_min,sw_gr_sparse_max,dbz_dpr,pre_dpr,cfb,scan_id,time,nsrr_dpr,srr_dpr,binRealSurface,typePrecip,flagPrecip",,True,True,True,27.741992950439453,32.615203857421875,102.30229949951172,106.75439453125,285180,124,0.00043481310049793114,1847,0.006476611263061926,112,68,2495,0.008748860368889824,272740,12440,270245,2495,0.9908520935689668,244455,242589,1866,1,1,2494,1723,0.7300000190734863,2.727000141143797,3.9549999237060547,7.2724000072479225,10.635000228881836,948,88,1,0,0,4630,49,53,21,4753,0,40725,True,0,0,ok,0,,train
2A.GPM.DPR.V9-20211125.20170730-S133643-E150917.019430.V07A,2A.GPM.DPR.V9-20211125.20170730-S133643-E150917.019430.V07A.nc,/storage/GR_DPR_3D/GRToDPRRes_V07_Pct_V1.2.1_sw_260412/2A.GPM.DPR.V9-20211125.20170730-S133643-E150917.019430.V07A.nc,44796319,2017-07-30,2017-07-30T14:33:43,2017-07-30T14:35:43,019430,172,49,60,23,"z,p,t,q,lat,lon,dbz_gr_sparse,dbz_gr_sparse_min,dbz_gr_sparse_max,dbz_gr_interp,sw_gr_sparse,sw_gr_sparse_min,sw_gr_sparse_max,dbz_dpr,pre_dpr,cfb,scan_id,time,nsrr_dpr,srr_dpr,binRealSurface,typePrecip,flagPrecip",,True,True,True,35.66590118408203,43.44290542602539,118.70867156982422,126.13948059082031,505680,3694,0.007305015029267521,20386,0.0403140325897801,1698,1306,4731,0.009355719031798765,502177,3503,497446,4731,0.9905790189514853,456677,452561,4116,1025,1025,3706,16692,0.33000001311302185,0.75,1.024999976158142,2.2450000047683627,4.019999980926514,250,0,0,0,0,8061,98,40,229,8428,0,49003,True,0,0,ok,0,,train
2A.GPM.DPR.V9-20211125.20170730-S150918-E164152.019431.V07A,2A.GPM.DPR.V9-20211125.20170730-S150918-E164152.019431.V07A.nc,/storage/GR_DPR_3D/GRToDPRRes_V07_Pct_V1.2.1_sw_260412/2A.GPM.DPR.V9-20211125.20170730-S150918-E164152.019431.V07A.nc,81499729,2017-07-30,2017-07-30T16:09:53,2017-07-30T16:13:32,019431,313,49,60,23,"z,p,t,q,lat,lon,dbz_gr_sparse,dbz_gr_sparse_min,dbz_gr_sparse_max,dbz_gr_interp,sw_gr_sparse,sw_gr_sparse_min,sw_gr_sparse_max,dbz_dpr,pre_dpr,cfb,scan_id,time,nsrr_dpr,srr_dpr,binRealSurface,typePrecip,flagPrecip",,True,True,True,17.845809936523438,31.505041122436523,103.75135803222656,112.28451538085938,920220,7117,0.007734020125622134,23295,0.02531459868292365,3617,3755,9232,0.010032383560452935,899004,21216,889772,9232,0.9897308577047488,812134,804424,7710,643,643,8589,16178,0.699999988079071,3.7250001192092896,6.318999934196451,20.020000457763672,44.900001525878906,3534,614,245,95,0,14942,241,90,64,15337,0,108086,True,0,0,ok,0,,train
2A.GPM.DPR.V9-20211125.20170731-S050231-E063505.019440.V07A,2A.GPM.DPR.V9-20211125.20170731-S050231-E063505.019440.V07A.nc,/storage/GR_DPR_3D/GRToDPRRes_V07_Pct_V1.2.1_sw_260412/2A.GPM.DPR.V9-20211125.20170731-S050231-E063505.019440.V07A.nc,165838225,2017-07-31,2017-07-31T05:30:44,2017-07-31T05:38:09,019440,637,49,60,23,"z,p,t,q,lat,lon,dbz_gr_sparse,dbz_gr_sparse_min,dbz_gr_sparse_max,dbz_gr_interp,sw_gr_sparse,sw_gr_sparse_min,sw_gr_sparse_max,dbz_dpr,pre_dpr,cfb,scan_id,time,nsrr_dpr,srr_dpr,binRealSurface,typePrecip,flagPrecip",,True,True,True,17.452314376831055,43.64361572265625,105.9169921875,123.35469818115234,1872780,45504,0.024297568320891937,108384,0.05787332201326371,9169,9739,62915,0.033594442486570765,1859604,13176,1796689,62915,0.9661675281403997,1688652,1636124,52528,26202,26202,36713,62880,0.7350000143051147,4.300000190734863,7.529999732971191,18.024301376342777,80.87999725341797,25593,5258,1952,498,56,28693,1127,914,479,31213,0,184128,True,0,0,ok,0,,train
2A.GPM.DPR.V9-20211125.20170731-S141800-E155034.019446.V07A,2A.GPM.DPR.V9-20211125.20170731-S141800-E155034.019446.V07A.nc,/storage/GR_DPR_3D/GRToDPRRes_V07_Pct_V1.2.1_sw_260412/2A.GPM.DPR.V9-20211125.20170731-S141800-E155034.019446.V07A.nc,91130977,2017-07-31,2017-07-31T15:17:10,2017-07-31T15:21:14,019446,350,49,60,23,"z,p,t,q,lat,lon,dbz_gr_sparse,dbz_gr_sparse_min,dbz_gr_sparse_max,dbz_gr_interp,sw_gr_sparse,sw_gr_sparse_min,sw_gr_sparse_max,dbz_dpr,pre_dpr,cfb,scan_id,time,nsrr_dpr,srr_dpr,binRealSurface,typePrecip,flagPrecip",,True,True,True,21.337148666381836,36.36528015136719,109.2939453125,119.28374481201172,1029000,53738,0.05222351797862002,134739,0.13094169096209912,7613,8617,94883,0.0922089407191448,1013779,15221,918896,94883,0.9064066231397573,916050,840697,75353,36991,36991,57892,81001,0.7300000190734863,4.464000129699722,8.015000247955323,23.223599395751812,118.72000122070312,37632,8395,3578,1217,106,12980,2102,1726,342,17150,0,112950,True,0,0,ok,0,,train
2A.GPM.DPR.V9-20211125.20170801-S041113-E054347.019455.V07A,2A.GPM.DPR.V9-20211125.20170801-S041113-E054347.019455.V07A.nc,/storage/GR_DPR_3D/GRToDPRRes_V07_Pct_V1.2.1_sw_260412/2A.GPM.DPR.V9-20211125.20170801-S041113-E054347.019455.V07A.nc,113517121,2017-08-01,2017-08-01T04:40:05,2017-08-01T04:45:09,019455,436,49,60,23,"z,p,t,q,lat,lon,dbz_gr_sparse,dbz_gr_sparse_min,dbz_gr_sparse_max,dbz_gr_interp,sw_gr_sparse,sw_gr_sparse_min,sw_gr_sparse_max,dbz_dpr,pre_dpr,cfb,scan_id,time,nsrr_dpr,srr_dpr,binRealSurface,typePrecip,flagPrecip",,True,True,True,19.695289611816406,38.071563720703125,115.51966857910156,127.52722930908203,1281840,83122,0.06484584659551894,174467,0.13610669038257506,7226,9524,143914,0.11227142233040005,1276114,5726,1132200,143914,0.8872248090687822,1156609,1039053,117556,68996,68996,74918,91345,0.550000011920929,2.140000104904175,3.3850000739097594,8.289999961853027,272.08001708984375,40286,3818,961,241,31,15624,4252,774,714,21364,0,125231,True,0,0,ok,0,,train
2A.GPM.DPR.V9-20211125.20170801-S132642-E145916.019461.V07A,2A.GPM.DPR.V9-20211125.20170801-S132642-E145916.019461.V07A.nc,/storage/GR_DPR_3D/GRToDPRRes_V07_Pct_V1.2.1_sw_260412/2A.GPM.DPR.V9-20211125.20170801-S132642-E145916.019461.V07A.nc,92953105,2017-08-01,2017-08-01T14:24:10,2017-08-01T14:28:20,019461,357,49,60,23,"z,p,t,q,lat,lon,dbz_gr_sparse,dbz_gr_sparse_min,dbz_gr_sparse_max,dbz_gr_interp,sw_gr_sparse,sw_gr_sparse_min,sw_gr_sparse_max,dbz_dpr,pre_dpr,cfb,scan_id,time,nsrr_dpr,srr_dpr,binRealSurface,typePrecip,flagPrecip",,True,True,True,26.86275863647461,41.943477630615234,113.74173736572266,125.13330078125,1049580,7582,0.007223841917719469,21980,0.02094171001734027,4271,3884,750,0.0007145715429028754,1041014,8566,1040264,750,0.9992795485939671,944581,944116,465,142,142,608,14398,0.8175000250339508,2.742000007629395,3.659999978542328,7.620300126075744,9.255000114440918,304,13,0,0,0,17431,3,59,0,17493,0,104999,True,0,0,ok,0,,train
2A.GPM.DPR.V9-20211125.20170802-S045230-E062504.019471.V07A,2A.GPM.DPR.V9-20211125.20170802-S045230-E062504.019471.V07A.nc,/storage/GR_DPR_3D/GRToDPRRes_V07_Pct_V1.2.1_sw_260412/2A.GPM.DPR.V9-20211125.20170802-S045230-E062504.019471.V07A.nc,127833841,2017-08-02,2017-08-02T05:22:18,2017-08-02T05:28:01,019471,491,49,60,23,"z,p,t,q,lat,lon,dbz_gr_sparse,dbz_gr_sparse_min,dbz_gr_sparse_max,dbz_gr_interp,sw_gr_sparse,sw_gr_sparse_min,sw_gr_sparse_max,dbz_dpr,pre_dpr,cfb,scan_id,time,nsrr_dpr,srr_dpr,binRealSurface,typePrecip,flagPrecip",,True,True,True,22.921316146850586,43.295677185058594,102.25206756591797,116.76703643798828,1443540,4888,0.003386120232206936,25199,0.0174563919254056,1364,1145,68910,0.04773681366640342,1342090,101450,1273180,68910,0.9486547101908218,1201463,1150343,51120,2866,2866,66044,20311,0.6700000166893005,3.695000171661377,6.039999961853027,15.234099721908605,190.44000244140625,25019,4577,1496,399,25,20363,2290,919,487,24059,0,242077,True,0,0,ok,0,,train
2A.GPM.DPR.V9-20211125.20170802-S123524-E140758.019476.V07A,2A.GPM.DPR.V9-20211125.20170802-S123524-E140758.019476.V07A.nc,/storage/GR_DPR_3D/GRToDPRRes_V07_Pct_V1.2.1_sw_260412/2A.GPM.DPR.V9-20211125.20170802-S123524-E140758.019476.V07A.nc,29439327,2017-08-02,2017-08-02T13:32:22,2017-08-02T13:33:40,019476,113,49,60,23,"z,p,t,q,lat,lon,dbz_gr_sparse,dbz_gr_sparse_min,dbz_gr_sparse_max,dbz_gr_interp,sw_gr_sparse,sw_gr_sparse_min,sw_gr_sparse_max,dbz_dpr,pre_dpr,cfb,scan_id,time,nsrr_dpr,srr_dpr,binRealSurface,typePrecip,flagPrecip",,True,True,True,38.06013870239258,43.515193939208984,120.9350357055664,126.85073852539062,332220,185,0.0005568599121064355,1809,0.005445186924327253,134,87,3140,0.009451568237914635,329185,3035,326045,3140,0.9904612907635524,298174,295720,2454,4,4,3136,1624,0.6599999666213989,2.2100000381469727,3.375,6.957450060844427,8.694999694824219,1023,61,0,0,0,5347,71,85,34,5537,0,34046,True,0,0,ok,0,,train
2A.GPM.DPR.V9-20211125.20170802-S140759-E154033.019477.V07A,2A.GPM.DPR.V9-20211125.20170802-S140759-E154033.019477.V07A.nc,/storage/GR_DPR_3D/GRToDPRRes_V07_Pct_V1.2.1_sw_260412/2A.GPM.DPR.V9-20211125.20170802-S140759-E154033.019477.V07A.nc,81499729,2017-08-02,2017-08-02T15:08:19,2017-08-02T15:11:57,019477,313,49,60,23,"z,p,t,q,lat,lon,dbz_gr_sparse,dbz_gr_sparse_min,dbz_gr_sparse_max,dbz_gr_interp,sw_gr_sparse,sw_gr_sparse_min,sw_gr_sparse_max,dbz_dpr,pre_dpr,cfb,scan_id,time,nsrr_dpr,srr_dpr,binRealSurface,typePrecip,flagPrecip",,True,True,True,18.77022361755371,32.33544158935547,105.56797790527344,114.25823974609375,920220,10599,0.011517897893981874,29662,0.03223359631392493,1831,2149,19915,0.021641563973832344,899986,20234,880071,19915,0.9778718780069913,810570,793719,16851,6586,6586,13329,19063,0.5600000023841858,2.3949999809265137,4.139999866485596,11.234300460815433,38.43000030517578,5750,750,253,42,0,14457,397,230,253,15337,0,109650,True,0,0,ok,0,,train
2A.GPM.DPR.V9-20211125.20170803-S040112-E053345.019486.V07A,2A.GPM.DPR.V9-20211125.20170803-S040112-E053345.019486.V07A.nc,/storage/GR_DPR_3D/GRToDPRRes_V07_Pct_V1.2.1_sw_260412/2A.GPM.DPR.V9-20211125.20170803-S040112-E053345.019486.V07A.nc,165838225,2017-08-03,2017-08-03T04:29:09,2017-08-03T04:36:34,019486,637,49,60,23,"z,p,t,q,lat,lon,dbz_gr_sparse,dbz_gr_sparse_min,dbz_gr_sparse_max,dbz_gr_interp,sw_gr_sparse,sw_gr_sparse_min,sw_gr_sparse_max,dbz_dpr,pre_dpr,cfb,scan_id,time,nsrr_dpr,srr_dpr,binRealSurface,typePrecip,flagPrecip",,True,True,True,16.50690460205078,42.84099578857422,107.90695190429688,124.97258758544922,1872780,117582,0.06278473712876045,262126,0.1399662533773321,15300,18108,203836,0.10884140155277182,1860123,12657,1656287,203836,0.8904179992398352,1686473,1521105,165368,83187,83187,120649,144544,0.7799999713897705,4.375,7.170000076293945,23.883250522613498,299.17999267578125,84989,17160,6108,2602,622,22997,4637,2821,758,31213,0,186307,True,0,0,ok,0,,train
2A.GPM.DPR.V9-20211125.20170803-S131640-E144914.019492.V07A,2A.GPM.DPR.V9-20211125.20170803-S131640-E144914.019492.V07A.nc,/storage/GR_DPR_3D/GRToDPRRes_V07_Pct_V1.2.1_sw_260412/2A.GPM.DPR.V9-20211125.20170803-S131640-E144914.019492.V07A.nc,91391281,2017-08-03,2017-08-03T14:15:33,2017-08-03T14:19:38,019492,351,49,60,23,"z,p,t,q,lat,lon,dbz_gr_sparse,dbz_gr_sparse_min,dbz_gr_sparse_max,dbz_gr_interp,sw_gr_sparse,sw_gr_sparse_min,sw_gr_sparse_max,dbz_dpr,pre_dpr,cfb,scan_id,time,nsrr_dpr,srr_dpr,binRealSurface,typePrecip,flagPrecip",,True,True,True,22.286134719848633,37.24898147583008,110.99473571777344,121.22638702392578,1031940,13977,0.013544392115820687,48700,0.047192666240285286,6603,5376,7900,0.007655483845960037,1016552,15388,1008652,7900,0.9922286316882953,918426,912052,6374,1141,1141,6759,34723,0.5499999523162842,2.355500006675722,3.6552499651908836,7.620399885177621,36.83000183105469,2354,175,47,17,0,16836,190,97,76,17199,0,113514,True,0,0,ok,0,,train
2A.GPM.DPR.V9-20211125.20170806-S025949-E043222.019532.V07A,2A.GPM.DPR.V9-20211125.20170806-S025949-E043222.019532.V07A.nc,/storage/GR_DPR_3D/GRToDPRRes_V07_Pct_V1.2.1_sw_260412/2A.GPM.DPR.V9-20211125.20170806-S025949-E043222.019532.V07A.nc,158029105,2017-08-06,2017-08-06T03:27:51,2017-08-06T03:34:55,019532,607,49,60,23,"z,p,t,q,lat,lon,dbz_gr_sparse,dbz_gr_sparse_min,dbz_gr_sparse_max,dbz_gr_interp,sw_gr_sparse,sw_gr_sparse_min,sw_gr_sparse_max,dbz_dpr,pre_dpr,cfb,scan_id,time,nsrr_dpr,srr_dpr,binRealSurface,typePrecip,flagPrecip",,True,True,True,16.805686950683594,41.98324966430664,110.41434478759766,126.62966918945312,1784580,18890,0.010585123670555537,46685,0.02616021696981923,6461,7187,12722,0.007128848244404846,1772725,11855,1760003,12722,0.9928234779788179,1608947,1599122,9825,3520,3520,9202,27795,0.9675000011920929,4.659499883651732,7.104999995231628,12.116850566863999,27.005001068115234,6192,1144,271,36,0,29167,155,375,46,29743,0,175633,True,0,0,ok,0,,train
2A.GPM.DPR.V9-20211125.20170806-S121517-E134750.019538.V07A,2A.GPM.DPR.V9-20211125.20170806-S121517-E134750.019538.V07A.nc,/storage/GR_DPR_3D/GRToDPRRes_V07_Pct_V1.2.1_sw_260412/2A.GPM.DPR.V9-20211125.20170806-S121517-E134750.019538.V07A.nc,101022529,2017-08-06,2017-08-06T13:13:08,2017-08-06T13:17:39,019538,388,49,60,23,"z,p,t,q,lat,lon,dbz_gr_sparse,dbz_gr_sparse_min,dbz_gr_sparse_max,dbz_gr_interp,sw_gr_sparse,sw_gr_sparse_min,sw_gr_sparse_max,dbz_dpr,pre_dpr,cfb,scan_id,time,nsrr_dpr,srr_dpr,binRealSurface,typePrecip,flagPrecip",,True,True,True,24.288345336914062,40.599430084228516,110.90203857421875,122.62925720214844,1140720,24442,0.02142681814994039,68378,0.05994284311662809,7897,8289,8834,0.0077442317133038785,1119316,21404,1110482,8834,0.9921076800474575,1012037,1004123,7914,4229,4229,4605,43936,0.41999998688697815,2.528500008583068,4.599999904632568,13.07360009193421,51.56500244140625,1784,381,136,55,4,18407,143,70,392,19012,0,128683,True,0,0,ok,0,,train
2A.GPM.DPR.V9-20211125.20170807-S034103-E051337.019548.V07A,2A.GPM.DPR.V9-20211125.20170807-S034103-E051337.019548.V07A.nc,/storage/GR_DPR_3D/GRToDPRRes_V07_Pct_V1.2.1_sw_260412/2A.GPM.DPR.V9-20211125.20170807-S034103-E051337.019548.V07A.nc,22149004,2017-08-07,2017-08-07T04:12:25,2017-08-07T04:13:24,019548,85,49,60,23,"z,p,t,q,lat,lon,dbz_gr_sparse,dbz_gr_sparse_min,dbz_gr_sparse_max,dbz_gr_interp,sw_gr_sparse,sw_gr_sparse_min,sw_gr_sparse_max,dbz_dpr,pre_dpr,cfb,scan_id,time,nsrr_dpr,srr_dpr,binRealSurface,typePrecip,flagPrecip",,True,True,True,28.35505485534668,32.82440948486328,101.19647979736328,105.35774230957031,249900,123,0.0004921968787515006,1350,0.005402160864345739,45,12,17555,0.07024809923969588,216050,33850,198495,17555,0.9187456607266836,186601,174453,12148,22,22,17533,1227,0.49000000953674316,1.6179999351501484,2.3299999237060547,4.694599943161002,20.479999542236328,3719,150,39,3,0,3220,742,71,132,4165,0,63299,True,0,0,ok,0,,train
2A.GPM.DPR.V9-20211125.20170807-S112356-E125630.019553.V07A,2A.GPM.DPR.V9-20211125.20170807-S112356-E125630.019553.V07A.nc,/storage/GR_DPR_3D/GRToDPRRes_V07_Pct_V1.2.1_sw_260412/2A.GPM.DPR.V9-20211125.20170807-S112356-E125630.019553.V07A.nc,50782943,2017-08-07,2017-08-07T12:20:52,2017-08-07T12:23:07,019553,195,49,60,23,"z,p,t,q,lat,lon,dbz_gr_sparse,dbz_gr_sparse_min,dbz_gr_sparse_max,dbz_gr_interp,sw_gr_sparse,sw_gr_sparse_min,sw_gr_sparse_max,dbz_dpr,pre_dpr,cfb,scan_id,time,nsrr_dpr,srr_dpr,binRealSurface,typePrecip,flagPrecip",,True,True,True,35.044681549072266,43.63022994995117,116.98976135253906,125.11073303222656,573300,4681,0.008165009593581022,14233,0.024826443397871968,2055,2599,352,0.0006139891854177569,565131,8169,564779,352,0.9993771355667977,512188,511952,236,63,63,289,9552,0.5099999904632568,2.4700000286102295,2.890499973297118,6.22084971427919,8.949999809265137,118,6,0,0,0,9524,14,5,12,9555,0,61112,True,0,0,ok,0,,train
2A.GPM.DPR.V9-20211125.20170807-S125631-E142904.019554.V07A,2A.GPM.DPR.V9-20211125.20170807-S125631-E142904.019554.V07A.nc,/storage/GR_DPR_3D/GRToDPRRes_V07_Pct_V1.2.1_sw_260412/2A.GPM.DPR.V9-20211125.20170807-S125631-E142904.019554.V07A.nc,81760033,2017-08-07,2017-08-07T13:57:16,2017-08-07T14:00:55,019554,314,49,60,23,"z,p,t,q,lat,lon,dbz_gr_sparse,dbz_gr_sparse_min,dbz_gr_sparse_max,dbz_gr_interp,sw_gr_sparse,sw_gr_sparse_min,sw_gr_sparse_max,dbz_dpr,pre_dpr,cfb,scan_id,time,nsrr_dpr,srr_dpr,binRealSurface,typePrecip,flagPrecip",,True,True,True,17.259521484375,30.896102905273438,102.57144165039062,111.08758544921875,923160,7782,0.008429741323280905,43867,0.04751830668573162,2775,2146,58033,0.06286342562502709,892506,30654,834473,58033,0.9349774679385909,804708,753881,50827,3332,3332,54701,36085,1.0149999856948853,7.909999847412109,14.431999969482392,35.878600769042976,299.8999938964844,29191,9366,4450,1806,315,13616,756,667,347,15386,0,118452,True,0,0,ok,0,,train
2A.GPM.DPR.V9-20211125.20170808-S024942-E042216.019563.V07A,2A.GPM.DPR.V9-20211125.20170808-S024942-E042216.019563.V07A.nc,/storage/GR_DPR_3D/GRToDPRRes_V07_Pct_V1.2.1_sw_260412/2A.GPM.DPR.V9-20211125.20170808-S024942-E042216.019563.V07A.nc,166098529,2017-08-08,2017-08-08T03:18:06,2017-08-08T03:25:32,019563,638,49,60,23,"z,p,t,q,lat,lon,dbz_gr_sparse,dbz_gr_sparse_min,dbz_gr_sparse_max,dbz_gr_interp,sw_gr_sparse,sw_gr_sparse_min,sw_gr_sparse_max,dbz_dpr,pre_dpr,cfb,scan_id,time,nsrr_dpr,srr_dpr,binRealSurface,typePrecip,flagPrecip",,True,True,True,18.066328048706055,44.31463623046875,104.757568359375,122.43014526367188,1875720,54646,0.02913334612842002,110849,0.0590967735056405,9215,11155,63056,0.033616957754888786,1849808,25912,1786752,63056,0.9659121379083667,1675907,1625939,49968,33616,33616,29440,56203,0.550000011920929,2.059999942779541,3.3899998664855957,12.209500026702852,131.08999633789062,16320,1852,803,344,31,28360,1935,560,407,31262,0,199813,True,0,0,ok,0,,train
2A.GPM.DPR.V9-20211125.20170808-S120510-E133744.019569.V07A,2A.GPM.DPR.V9-20211125.20170808-S120510-E133744.019569.V07A.nc,/storage/GR_DPR_3D/GRToDPRRes_V07_Pct_V1.2.1_sw_260412/2A.GPM.DPR.V9-20211125.20170808-S120510-E133744.019569.V07A.nc,91391281,2017-08-08,2017-08-08T13:04:28,2017-08-08T13:08:33,019569,351,49,60,23,"z,p,t,q,lat,lon,dbz_gr_sparse,dbz_gr_sparse_min,dbz_gr_sparse_max,dbz_gr_interp,sw_gr_sparse,sw_gr_sparse_min,sw_gr_sparse_max,dbz_dpr,pre_dpr,cfb,scan_id,time,nsrr_dpr,srr_dpr,binRealSurface,typePrecip,flagPrecip",,True,True,True,20.806182861328125,35.81691360473633,108.13382720947266,118.09017181396484,1031940,31410,0.030437816152101865,61861,0.05994631470821947,5597,7067,27226,0.026383316859507337,1012842,19098,985616,27226,0.9731192031926006,914361,891422,22939,17068,17068,10158,30451,0.8199999928474426,5.335000038146973,9.399999618530273,28.49375057220459,299.9100036621094,12121,2931,1247,516,105,16106,565,275,253,17199,0,117579,True,0,0,ok,0,,train
2A.GPM.DPR.V9-20211125.20170813-S013656-E030928.019640.V07A,2A.GPM.DPR.V9-20211125.20170813-S013656-E030928.019640.V07A.nc,/storage/GR_DPR_3D/GRToDPRRes_V07_Pct_V1.2.1_sw_260412/2A.GPM.DPR.V9-20211125.20170813-S013656-E030928.019640.V07A.nc,134862049,2017-08-13,2017-08-13T02:06:34,2017-08-13T02:12:36,019640,518,49,60,23,"z,p,t,q,lat,lon,dbz_gr_sparse,dbz_gr_sparse_min,dbz_gr_sparse_max,dbz_gr_interp,sw_gr_sparse,sw_gr_sparse_min,sw_gr_sparse_max,dbz_dpr,pre_dpr,cfb,scan_id,time,nsrr_dpr,srr_dpr,binRealSurface,typePrecip,flagPrecip",,True,True,True,22.401762008666992,43.82611846923828,103.24019622802734,118.46892547607422,1522920,4816,0.0031623460194888766,26141,0.017165051348724817,1871,1308,11438,0.007510571796286082,1427826,95094,1416388,11438,0.9919892199749829,1277489,1269565,7924,1723,1723,9715,21325,0.4449999928474426,1.9900000095367432,3.5199999809265137,12.75389984130857,71.13500213623047,2628,449,148,28,8,24565,414,155,248,25382,0,245431,True,0,0,ok,0,,train
2A.GPM.DPR.V9-20211125.20170813-S091943-E105215.019645.V07A,2A.GPM.DPR.V9-20211125.20170813-S091943-E105215.019645.V07A.nc,/storage/GR_DPR_3D/GRToDPRRes_V07_Pct_V1.2.1_sw_260412/2A.GPM.DPR.V9-20211125.20170813-S091943-E105215.019645.V07A.nc,22149004,2017-08-13,2017-08-13T10:16:31,2017-08-13T10:17:30,019645,85,49,60,23,"z,p,t,q,lat,lon,dbz_gr_sparse,dbz_gr_sparse_min,dbz_gr_sparse_max,dbz_gr_interp,sw_gr_sparse,sw_gr_sparse_min,sw_gr_sparse_max,dbz_dpr,pre_dpr,cfb,scan_id,time,nsrr_dpr,srr_dpr,binRealSurface,typePrecip,flagPrecip",,True,True,True,39.580326080322266,43.9736213684082,121.8005142211914,126.96473693847656,249900,96,0.00038415366146458583,1530,0.006122448979591836,48,6,9531,0.03813925570228091,245811,4089,236280,9531,0.9612263080171352,222125,213924,8201,4,4,9527,1434,0.7000000476837158,4.319999694824219,7.055000305175781,14.100000381469727,34.86000061035156,3475,796,227,26,0,3730,143,116,176,4165,0,27775,True,0,0,ok,0,,train
2A.GPM.DPR.V9-20211125.20170813-S105216-E122448.019646.V07A,2A.GPM.DPR.V9-20211125.20170813-S105216-E122448.019646.V07A.nc,/storage/GR_DPR_3D/GRToDPRRes_V07_Pct_V1.2.1_sw_260412/2A.GPM.DPR.V9-20211125.20170813-S105216-E122448.019646.V07A.nc,84363073,2017-08-13,2017-08-13T11:52:12,2017-08-13T11:55:58,019646,324,49,60,23,"z,p,t,q,lat,lon,dbz_gr_sparse,dbz_gr_sparse_min,dbz_gr_sparse_max,dbz_gr_interp,sw_gr_sparse,sw_gr_sparse_min,sw_gr_sparse_max,dbz_dpr,pre_dpr,cfb,scan_id,time,nsrr_dpr,srr_dpr,binRealSurface,typePrecip,flagPrecip",,True,True,True,19.660173416137695,33.64121627807617,106.04923248291016,115.12753295898438,952560,20599,0.02162488452170992,67928,0.07131099353321575,3424,2522,64086,0.06727765180146132,927318,25242,863232,64086,0.9308910212030824,832989,781886,51103,14604,14604,49482,47329,0.6399999856948853,3.744999885559082,6.789999961853027,24.125,176.47999572753906,22590,4691,2201,902,163,12885,1699,704,588,15876,0,119571,True,0,0,ok,0,,train
2A.GPM.DPR.V9-20211125.20170815-S090853-E104125.019676.V07A,2A.GPM.DPR.V9-20211125.20170815-S090853-E104125.019676.V07A.nc,/storage/GR_DPR_3D/GRToDPRRes_V07_Pct_V1.2.1_sw_260412/2A.GPM.DPR.V9-20211125.20170815-S090853-E104125.019676.V07A.nc,50782943,2017-08-15,2017-08-15T10:05:54,2017-08-15T10:08:09,019676,195,49,60,23,"z,p,t,q,lat,lon,dbz_gr_sparse,dbz_gr_sparse_min,dbz_gr_sparse_max,dbz_gr_interp,sw_gr_sparse,sw_gr_sparse_min,sw_gr_sparse_max,dbz_dpr,pre_dpr,cfb,scan_id,time,nsrr_dpr,srr_dpr,binRealSurface,typePrecip,flagPrecip",,True,True,True,34.70399475097656,43.29659652709961,116.36321258544922,124.41010284423828,573300,5890,0.010273853130995988,23612,0.04118611547182976,1494,1366,13908,0.024259549973835687,564484,8816,550576,13908,0.9753615691498785,511173,499449,11724,2938,2938,10970,17722,0.7300000190734863,4.599999904632568,7.101500105857846,21.770000457763672,82.19000244140625,5210,1212,389,207,17,8858,256,178,263,9555,0,62127,True,0,0,ok,0,,train
2A.GPM.DPR.V9-20211125.20170815-S104126-E121358.019677.V07A,2A.GPM.DPR.V9-20211125.20170815-S104126-E121358.019677.V07A.nc,/storage/GR_DPR_3D/GRToDPRRes_V07_Pct_V1.2.1_sw_260412/2A.GPM.DPR.V9-20211125.20170815-S104126-E121358.019677.V07A.nc,82020337,2017-08-15,2017-08-15T11:42:16,2017-08-15T11:45:55,019677,315,49,60,23,"z,p,t,q,lat,lon,dbz_gr_sparse,dbz_gr_sparse_min,dbz_gr_sparse_max,dbz_gr_interp,sw_gr_sparse,sw_gr_sparse_min,sw_gr_sparse_max,dbz_dpr,pre_dpr,cfb,scan_id,time,nsrr_dpr,srr_dpr,binRealSurface,typePrecip,flagPrecip",,True,True,True,16.890670776367188,30.575803756713867,101.84417724609375,110.33098602294922,926100,8671,0.009362919771083037,43194,0.04664075153871072,2353,1554,45927,0.049591836734693875,883758,42342,837831,45927,0.9480321535986096,793258,757255,36003,4941,4941,40986,34523,0.5799999833106995,3.1100001335144043,5.074999809265137,12.967399501800516,89.78500366210938,14934,2352,702,271,28,13196,1060,623,556,15435,0,132842,True,0,0,ok,0,,train
2A.GPM.DPR.V9-20211125.20170816-S003425-E020657.019686.V07A,2A.GPM.DPR.V9-20211125.20170816-S003425-E020657.019686.V07A.nc,/storage/GR_DPR_3D/GRToDPRRes_V07_Pct_V1.2.1_sw_260412/2A.GPM.DPR.V9-20211125.20170816-S003425-E020657.019686.V07A.nc,155165761,2017-08-16,2017-08-16T01:03:23,2017-08-16T01:10:20,019686,596,49,60,23,"z,p,t,q,lat,lon,dbz_gr_sparse,dbz_gr_sparse_min,dbz_gr_sparse_max,dbz_gr_interp,sw_gr_sparse,sw_gr_sparse_min,sw_gr_sparse_max,dbz_dpr,pre_dpr,cfb,scan_id,time,nsrr_dpr,srr_dpr,binRealSurface,typePrecip,flagPrecip",,True,True,True,20.109342575073242,44.62376403808594,104.82022857666016,121.84642791748047,1752240,33606,0.019178879605533487,138140,0.07883623247956902,9665,7034,124805,0.07122597361092088,1710859,41381,1586054,124805,0.9270512648909115,1545989,1445221,100768,18936,18936,105869,104534,0.6299999952316284,3.450000047683716,5.980000019073486,17.594799346923786,180.57000732421875,42851,7928,3097,960,110,23922,3745,941,596,29204,0,206251,True,0,0,ok,0,,train
2A.GPM.DPR.V9-20211125.20170503-S070958-E084232.018057.V07A,2A.GPM.DPR.V9-20211125.20170503-S070958-E084232.018057.V07A.nc,/storage/GR_DPR_3D/GRToDPRRes_V07_Pct_V1.2.1_sw_260412/2A.GPM.DPR.V9-20211125.20170503-S070958-E084232.018057.V07A.nc,166098529,2017-05-03,2017-05-03T07:38:24,2017-05-03T07:45:50,018057,638,49,60,23,"z,p,t,q,lat,lon,dbz_gr_sparse,dbz_gr_sparse_min,dbz_gr_sparse_max,dbz_gr_interp,sw_gr_sparse,sw_gr_sparse_min,sw_gr_sparse_max,dbz_dpr,pre_dpr,cfb,scan_id,time,nsrr_dpr,srr_dpr,binRealSurface,typePrecip,flagPrecip",,True,True,True,18.19532585144043,44.360843658447266,104.35030364990234,122.10356140136719,1875720,144629,0.07710585801718807,273745,0.14594129187725247,13847,13965,271256,0.14461433476211802,1841850,33870,1570594,271256,0.8527263349349838,1668372,1452581,215791,120146,120146,151110,129116,0.75,3.2649998664855957,4.920000076293945,11.514500331878779,299.44000244140625,107513,13218,3579,909,90,18123,8854,1372,2913,31262,0,207348,True,0,0,ok,0,,val
2A.GPM.DPR.V9-20211125.20170503-S162529-E175803.018063.V07A,2A.GPM.DPR.V9-20211125.20170503-S162529-E175803.018063.V07A.nc,/storage/GR_DPR_3D/GRToDPRRes_V07_Pct_V1.2.1_sw_260412/2A.GPM.DPR.V9-20211125.20170503-S162529-E175803.018063.V07A.nc,91130977,2017-05-03,2017-05-03T17:24:52,2017-05-03T17:28:56,018063,350,49,60,23,"z,p,t,q,lat,lon,dbz_gr_sparse,dbz_gr_sparse_min,dbz_gr_sparse_max,dbz_gr_interp,sw_gr_sparse,sw_gr_sparse_min,sw_gr_sparse_max,dbz_dpr,pre_dpr,cfb,scan_id,time,nsrr_dpr,srr_dpr,binRealSurface,typePrecip,flagPrecip",,True,True,True,20.581205368041992,35.63398742675781,107.87721252441406,117.73119354248047,1029000,27024,0.026262390670553935,70370,0.06838678328474247,7195,8433,31170,0.030291545189504374,1008354,20646,977184,31170,0.9690882368691948,909206,884685,24521,10936,10936,20234,43346,0.7949999570846558,5.335500049591075,9.417750024795529,24.479999542236328,162.0500030517578,13454,3457,1381,448,65,15788,889,253,220,17150,0,119794,True,0,0,ok,0,,val
2A.GPM.DPR.V9-20211125.20170508-S055907-E073141.018134.V07A,2A.GPM.DPR.V9-20211125.20170508-S055907-E073141.018134.V07A.nc,/storage/GR_DPR_3D/GRToDPRRes_V07_Pct_V1.2.1_sw_260412/2A.GPM.DPR.V9-20211125.20170508-S055907-E073141.018134.V07A.nc,128094145,2017-05-08,2017-05-08T06:28:51,2017-05-08T06:34:35,018134,492,49,60,23,"z,p,t,q,lat,lon,dbz_gr_sparse,dbz_gr_sparse_min,dbz_gr_sparse_max,dbz_gr_interp,sw_gr_sparse,sw_gr_sparse_min,sw_gr_sparse_max,dbz_dpr,pre_dpr,cfb,scan_id,time,nsrr_dpr,srr_dpr,binRealSurface,typePrecip,flagPrecip",,True,True,True,22.727123260498047,43.08216857910156,102.45282745361328,116.97129821777344,1446480,2120,0.001465626901166971,15210,0.01051518168242907,1081,670,8577,0.005929566948730712,1347547,98933,1338970,8577,0.993635101410192,1206203,1199610,6593,458,458,8119,13090,0.3400000035762787,0.8969999790191677,1.2850000858306885,3.5247999763488727,8.290000915527344,680,28,0,0,0,23328,250,30,500,24108,0,240277,True,0,0,ok,0,,val
2A.GPM.DPR.V9-20211125.20170508-S151438-E164712.018140.V07A,2A.GPM.DPR.V9-20211125.20170508-S151438-E164712.018140.V07A.nc,/storage/GR_DPR_3D/GRToDPRRes_V07_Pct_V1.2.1_sw_260412/2A.GPM.DPR.V9-20211125.20170508-S151438-E164712.018140.V07A.nc,81239425,2017-05-08,2017-05-08T16:14:55,2017-05-08T16:18:33,018140,312,49,60,23,"z,p,t,q,lat,lon,dbz_gr_sparse,dbz_gr_sparse_min,dbz_gr_sparse_max,dbz_gr_interp,sw_gr_sparse,sw_gr_sparse_min,sw_gr_sparse_max,dbz_dpr,pre_dpr,cfb,scan_id,time,nsrr_dpr,srr_dpr,binRealSurface,typePrecip,flagPrecip",,True,True,True,18.967998504638672,32.56354522705078,105.81793975830078,114.47599029541016,917280,22369,0.024386228850514564,57746,0.06295351473922903,4112,4395,19673,0.02144710448281877,896299,20981,876626,19673,0.9780508513342088,806826,790108,16718,10718,10718,8955,35377,0.8400000333786011,4.390000343322754,7.130000114440918,28.60380020141592,261.4800109863281,8638,1627,606,299,64,14617,442,113,116,15288,0,110454,True,0,0,ok,0,,val
2A.GPM.DPR.V9-20211125.20170603-S065255-E082528.018539.V07A,2A.GPM.DPR.V9-20211125.20170603-S065255-E082528.018539.V07A.nc,/storage/GR_DPR_3D/GRToDPRRes_V07_Pct_V1.2.1_sw_260412/2A.GPM.DPR.V9-20211125.20170603-S065255-E082528.018539.V07A.nc,97117969,2017-06-03,2017-06-03T07:50:32,2017-06-03T07:54:53,018539,373,49,60,23,"z,p,t,q,lat,lon,dbz_gr_sparse,dbz_gr_sparse_min,dbz_gr_sparse_max,dbz_gr_interp,sw_gr_sparse,sw_gr_sparse_min,sw_gr_sparse_max,dbz_dpr,pre_dpr,cfb,scan_id,time,nsrr_dpr,srr_dpr,binRealSurface,typePrecip,flagPrecip",,True,True,True,25.685325622558594,41.35969543457031,112.58349609375,124.20320129394531,1096620,14117,0.012873192172311284,45833,0.04179478762014189,5352,5398,22920,0.020900585435246484,1085069,11551,1062149,22920,0.9788769193479862,985147,967573,17574,4028,4028,18892,31716,0.48499998450279236,1.4299999475479126,1.9800000190734863,3.8380999159813056,14.470000267028809,4329,142,41,0,0,17195,796,211,75,18277,0,111473,True,0,0,ok,0,,val
2A.GPM.DPR.V9-20211125.20170603-S221827-E235059.018549.V07A,2A.GPM.DPR.V9-20211125.20170603-S221827-E235059.018549.V07A.nc,/storage/GR_DPR_3D/GRToDPRRes_V07_Pct_V1.2.1_sw_260412/2A.GPM.DPR.V9-20211125.20170603-S221827-E235059.018549.V07A.nc,25272460,2017-06-03,2017-06-03T22:49:32,2017-06-03T22:50:39,018549,97,49,60,23,"z,p,t,q,lat,lon,dbz_gr_sparse,dbz_gr_sparse_min,dbz_gr_sparse_max,dbz_gr_interp,sw_gr_sparse,sw_gr_sparse_min,sw_gr_sparse_max,dbz_dpr,pre_dpr,cfb,scan_id,time,nsrr_dpr,srr_dpr,binRealSurface,typePrecip,flagPrecip",,True,True,True,27.41478729248047,32.359535217285156,103.03472137451172,107.4198226928711,285180,5116,0.01793954695280174,24531,0.08601935619608668,1366,1018,30503,0.10696051616522897,276798,8382,246295,30503,0.8898005043389042,249308,227273,22035,3082,3082,27421,19415,0.6949999928474426,2.759999990463257,3.7899999618530273,6.44949981689452,16.924999237060547,11054,698,52,0,0,3131,1057,539,26,4753,0,35872,True,0,0,ok,0,,val
2A.GPM.DPR.V9-20211125.20170607-S045833-E063105.018600.V07A,2A.GPM.DPR.V9-20211125.20170607-S045833-E063105.018600.V07A.nc,/storage/GR_DPR_3D/GRToDPRRes_V07_Pct_V1.2.1_sw_260412/2A.GPM.DPR.V9-20211125.20170607-S045833-E063105.018600.V07A.nc,22409292,2017-06-07,2017-06-07T05:55:21,2017-06-07T05:56:20,018600,86,49,60,23,"z,p,t,q,lat,lon,dbz_gr_sparse,dbz_gr_sparse_min,dbz_gr_sparse_max,dbz_gr_interp,sw_gr_sparse,sw_gr_sparse_min,sw_gr_sparse_max,dbz_dpr,pre_dpr,cfb,scan_id,time,nsrr_dpr,srr_dpr,binRealSurface,typePrecip,flagPrecip",,True,True,True,39.5303840637207,43.961421966552734,121.76620483398438,126.95851135253906,252840,298,0.001178610979275431,4052,0.01602594526182566,185,56,2451,0.009693877551020408,248747,4093,246296,2451,0.9901466148335457,224654,222731,1923,44,44,2407,3754,0.2800000011920929,0.5249999761581421,0.6549999713897705,1.3450000286102295,2.1399998664855957,64,0,0,0,0,3893,83,10,228,4214,0,28186,True,0,0,ok,0,,val
2A.GPM.DPR.V9-20211125.20170607-S063106-E080337.018601.V07A,2A.GPM.DPR.V9-20211125.20170607-S063106-E080337.018601.V07A.nc,/storage/GR_DPR_3D/GRToDPRRes_V07_Pct_V1.2.1_sw_260412/2A.GPM.DPR.V9-20211125.20170607-S063106-E080337.018601.V07A.nc,84363073,2017-06-07,2017-06-07T07:31:01,2017-06-07T07:34:47,018601,324,49,60,23,"z,p,t,q,lat,lon,dbz_gr_sparse,dbz_gr_sparse_min,dbz_gr_sparse_max,dbz_gr_interp,sw_gr_sparse,sw_gr_sparse_min,sw_gr_sparse_max,dbz_dpr,pre_dpr,cfb,scan_id,time,nsrr_dpr,srr_dpr,binRealSurface,typePrecip,flagPrecip",,True,True,True,19.674814224243164,33.65519714355469,105.99588012695312,115.07660675048828,952560,13597,0.01427416645670614,33397,0.03506025867136978,2046,2674,26545,0.027867011001931636,927459,25101,900914,26545,0.9713787887119538,832660,811499,21161,9185,9185,17360,19800,0.815000057220459,5.289999961853027,9.407999801635736,21.69560066223146,80.08999633789062,11584,2794,1218,313,19,14691,546,426,213,15876,0,119900,True,0,0,ok,0,,val
2A.GPM.DPR.V9-20211125.20170607-S202403-E215635.018610.V07A,2A.GPM.DPR.V9-20211125.20170607-S202403-E215635.018610.V07A.nc,/storage/GR_DPR_3D/GRToDPRRes_V07_Pct_V1.2.1_sw_260412/2A.GPM.DPR.V9-20211125.20170607-S202403-E215635.018610.V07A.nc,165838225,2017-06-07,2017-06-07T20:51:50,2017-06-07T20:59:15,018610,637,49,60,23,"z,p,t,q,lat,lon,dbz_gr_sparse,dbz_gr_sparse_min,dbz_gr_sparse_max,dbz_gr_interp,sw_gr_sparse,sw_gr_sparse_min,sw_gr_sparse_max,dbz_dpr,pre_dpr,cfb,scan_id,time,nsrr_dpr,srr_dpr,binRealSurface,typePrecip,flagPrecip",,True,True,True,15.998283386230469,42.373329162597656,108.98279571533203,125.87056732177734,1872780,16556,0.00884033362167473,62809,0.03353784213842523,7626,6006,24598,0.01313448456305599,1862269,10511,1837671,24598,0.9867913819109914,1690673,1671724,18949,4358,4358,20240,46253,0.5799999833106995,2.4650001525878906,3.9000000953674316,8.575150737762446,27.544998168945312,7717,767,169,31,0,29844,503,604,262,31213,0,182107,True,0,0,ok,0,,val
2A.GPM.DPR.V9-20211125.20170630-S143152-E160426.018964.V07A,2A.GPM.DPR.V9-20211125.20170630-S143152-E160426.018964.V07A.nc,/storage/GR_DPR_3D/GRToDPRRes_V07_Pct_V1.2.1_sw_260412/2A.GPM.DPR.V9-20211125.20170630-S143152-E160426.018964.V07A.nc,25272460,2017-06-30,2017-06-30T15:03:01,2017-06-30T15:04:08,018964,97,49,60,23,"z,p,t,q,lat,lon,dbz_gr_sparse,dbz_gr_sparse_min,dbz_gr_sparse_max,dbz_gr_interp,sw_gr_sparse,sw_gr_sparse_min,sw_gr_sparse_max,dbz_dpr,pre_dpr,cfb,scan_id,time,nsrr_dpr,srr_dpr,binRealSurface,typePrecip,flagPrecip",,True,True,True,27.54987907409668,32.42542266845703,102.659423828125,107.10502624511719,285180,396,0.0013885966757837156,4045,0.014184024125113963,313,203,561,0.0019671786240269304,275582,9598,275021,561,0.997964308263965,247750,247294,456,0,0,561,3649,0.7200000286102295,3.1999998092651367,4.550000190734863,12.017999839782673,15.859999656677246,205,19,10,0,0,4720,7,23,3,4753,0,37430,True,0,0,ok,0,,val
2A.GPM.DPR.V9-20211125.20170630-S221449-E234723.018969.V07A,2A.GPM.DPR.V9-20211125.20170630-S221449-E234723.018969.V07A.nc,/storage/GR_DPR_3D/GRToDPRRes_V07_Pct_V1.2.1_sw_260412/2A.GPM.DPR.V9-20211125.20170630-S221449-E234723.018969.V07A.nc,44796319,2017-06-30,2017-06-30T23:11:47,2017-06-30T23:13:46,018969,172,49,60,23,"z,p,t,q,lat,lon,dbz_gr_sparse,dbz_gr_sparse_min,dbz_gr_sparse_max,dbz_gr_interp,sw_gr_sparse,sw_gr_sparse_min,sw_gr_sparse_max,dbz_dpr,pre_dpr,cfb,scan_id,time,nsrr_dpr,srr_dpr,binRealSurface,typePrecip,flagPrecip",,True,True,True,35.84734344482422,43.61968231201172,119.0053482055664,126.465576171875,505680,708,0.001400094921689606,4465,0.0088296946685651,334,228,1642,0.003247112798607815,502423,3257,500781,1642,0.9967318375154004,456352,455104,1248,64,64,1578,3757,0.4350000023841858,3.183999943733216,5.715000152587891,11.831300172805781,20.71500015258789,441,102,26,4,0,8317,39,24,48,8428,0,49328,True,0,0,ok,0,,val
2A.GPM.DPR.V9-20211125.20170630-S234724-E011959.018970.V07A,2A.GPM.DPR.V9-20211125.20170630-S234724-E011959.018970.V07A.nc,/storage/GR_DPR_3D/GRToDPRRes_V07_Pct_V1.2.1_sw_260412/2A.GPM.DPR.V9-20211125.20170630-S234724-E011959.018970.V07A.nc,81499729,2017-06-30,2017-07-01T00:47:57,2017-07-01T00:51:36,018970,313,49,60,23,"z,p,t,q,lat,lon,dbz_gr_sparse,dbz_gr_sparse_min,dbz_gr_sparse_max,dbz_gr_interp,sw_gr_sparse,sw_gr_sparse_min,sw_gr_sparse_max,dbz_dpr,pre_dpr,cfb,scan_id,time,nsrr_dpr,srr_dpr,binRealSurface,typePrecip,flagPrecip",,True,True,True,18.02383804321289,31.680606842041016,104.09857940673828,112.65261840820312,920220,13347,0.014504140314272674,39018,0.04240073026015518,2879,2440,47204,0.0512964291147769,899997,20223,852793,47204,0.9475509362808987,812602,775492,37110,8956,8956,38248,25671,0.75,5.860000133514404,9.914249944686883,28.118498954773006,108.02999877929688,19826,5697,2341,864,116,13310,1424,393,210,15337,0,107618,True,0,0,ok,0,,val
2A.GPM.DPR.V9-20211125.20170706-S123002-E140237.019056.V07A,2A.GPM.DPR.V9-20211125.20170706-S123002-E140237.019056.V07A.nc,/storage/GR_DPR_3D/GRToDPRRes_V07_Pct_V1.2.1_sw_260412/2A.GPM.DPR.V9-20211125.20170706-S123002-E140237.019056.V07A.nc,142671169,2017-07-06,2017-07-06T12:59:09,2017-07-06T13:05:32,019056,548,49,60,23,"z,p,t,q,lat,lon,dbz_gr_sparse,dbz_gr_sparse_min,dbz_gr_sparse_max,dbz_gr_interp,sw_gr_sparse,sw_gr_sparse_min,sw_gr_sparse_max,dbz_dpr,pre_dpr,cfb,scan_id,time,nsrr_dpr,srr_dpr,binRealSurface,typePrecip,flagPrecip",,True,True,True,20.567995071411133,43.17719650268555,103.71275329589844,119.33722686767578,1611120,33463,0.020770023337802274,100677,0.06248882764784746,6372,5946,95041,0.05899064005164109,1541297,69823,1446256,95041,0.9383369979958438,1381652,1310193,71459,20754,20754,74287,67214,0.5950000286102295,3.5450000762939453,6.755000114440918,20.278000640869315,173.69000244140625,30411,6701,2870,969,148,21915,3383,751,803,26852,0,229468,True,0,0,ok,0,,val
2A.GPM.DPR.V9-20211125.20170706-S214534-E231808.019062.V07A,2A.GPM.DPR.V9-20211125.20170706-S214534-E231808.019062.V07A.nc,/storage/GR_DPR_3D/GRToDPRRes_V07_Pct_V1.2.1_sw_260412/2A.GPM.DPR.V9-20211125.20170706-S214534-E231808.019062.V07A.nc,85404289,2017-07-06,2017-07-06T22:45:24,2017-07-06T22:49:13,019062,328,49,60,23,"z,p,t,q,lat,lon,dbz_gr_sparse,dbz_gr_sparse_min,dbz_gr_sparse_max,dbz_gr_interp,sw_gr_sparse,sw_gr_sparse_min,sw_gr_sparse_max,dbz_dpr,pre_dpr,cfb,scan_id,time,nsrr_dpr,srr_dpr,binRealSurface,typePrecip,flagPrecip",,True,True,True,19.93256378173828,34.13840103149414,107.12210845947266,116.31057739257812,964320,13230,0.013719512195121951,42417,0.043986436037829764,3462,3544,41832,0.04337979094076655,939880,24440,898048,41832,0.9554921904924033,843875,813234,30641,6171,6171,35661,29187,0.925000011920929,4.5,6.724999904632568,15.863449735641492,43.30999755859375,19840,3595,1014,228,0,14085,1267,630,90,16072,0,120445,True,0,0,ok,0,,val
2A.GPM.DPR.V9-20211125.20170713-S093654-E110928.019163.V07A,2A.GPM.DPR.V9-20211125.20170713-S093654-E110928.019163.V07A.nc,/storage/GR_DPR_3D/GRToDPRRes_V07_Pct_V1.2.1_sw_260412/2A.GPM.DPR.V9-20211125.20170713-S093654-E110928.019163.V07A.nc,83842465,2017-07-13,2017-07-13T10:05:40,2017-07-13T10:09:25,019163,322,49,60,23,"z,p,t,q,lat,lon,dbz_gr_sparse,dbz_gr_sparse_min,dbz_gr_sparse_max,dbz_gr_interp,sw_gr_sparse,sw_gr_sparse_min,sw_gr_sparse_max,dbz_dpr,pre_dpr,cfb,scan_id,time,nsrr_dpr,srr_dpr,binRealSurface,typePrecip,flagPrecip",,True,True,True,19.395559310913086,33.30743408203125,116.29248046875,125.27824401855469,946680,24789,0.0261851945747243,47743,0.05043203616850467,2422,4014,33682,0.03557907635103731,944338,2342,910656,33682,0.9643326859662537,857242,827312,29930,17294,17294,16388,22954,0.5400000214576721,1.6549999713897705,2.695000171661377,5.819999694824219,21.30500030517578,7980,538,47,1,0,14193,585,109,891,15778,0,89438,True,0,0,ok,0,,val
2A.GPM.DPR.V9-20211125.20170713-S185225-E202459.019169.V07A,2A.GPM.DPR.V9-20211125.20170713-S185225-E202459.019169.V07A.nc,/storage/GR_DPR_3D/GRToDPRRes_V07_Pct_V1.2.1_sw_260412/2A.GPM.DPR.V9-20211125.20170713-S185225-E202459.019169.V07A.nc,91130977,2017-07-13,2017-07-13T19:49:47,2017-07-13T19:53:51,019169,350,49,60,23,"z,p,t,q,lat,lon,dbz_gr_sparse,dbz_gr_sparse_min,dbz_gr_sparse_max,dbz_gr_interp,sw_gr_sparse,sw_gr_sparse_min,sw_gr_sparse_max,dbz_dpr,pre_dpr,cfb,scan_id,time,nsrr_dpr,srr_dpr,binRealSurface,typePrecip,flagPrecip",,True,True,True,27.493427276611328,42.279441833496094,114.36367797851562,125.69759368896484,1029000,45442,0.044161321671525755,127928,0.1243226433430515,6516,5527,95990,0.09328474246841593,1020966,8034,924976,95990,0.9059811981985688,927128,843596,83532,34031,34031,61959,82486,0.7549999952316284,4.184999942779541,7.145000457763672,20.945549812316898,180.94000244140625,38024,7824,3138,1054,144,13805,1925,517,903,17150,0,101872,True,0,0,ok,0,,val
2A.GPM.DPR.V9-20211125.20170713-S202500-E215734.019170.V07A,2A.GPM.DPR.V9-20211125.20170713-S202500-E215734.019170.V07A.nc,/storage/GR_DPR_3D/GRToDPRRes_V07_Pct_V1.2.1_sw_260412/2A.GPM.DPR.V9-20211125.20170713-S202500-E215734.019170.V07A.nc,52085377,2017-07-13,2017-07-13T21:27:32,2017-07-13T21:29:51,019170,200,49,60,23,"z,p,t,q,lat,lon,dbz_gr_sparse,dbz_gr_sparse_min,dbz_gr_sparse_max,dbz_gr_interp,sw_gr_sparse,sw_gr_sparse_min,sw_gr_sparse_max,dbz_dpr,pre_dpr,cfb,scan_id,time,nsrr_dpr,srr_dpr,binRealSurface,typePrecip,flagPrecip",,True,True,True,15.710092544555664,24.857309341430664,102.0092544555664,107.88036346435547,588000,41,6.972789115646258e-05,761,0.00129421768707483,26,7,45084,0.0766734693877551,567063,20937,521979,45084,0.9204956063082937,508189,473615,34574,24,24,45060,720,0.6150000095367432,2.508500027656577,3.809999942779541,9.344999475479126,35.165000915527344,14415,1419,391,59,0,7686,1421,440,253,9800,0,79811,True,0,0,ok,0,,val
2A.GPM.DPR.V9-20211125.20170721-S072453-E085727.019286.V07A,2A.GPM.DPR.V9-20211125.20170721-S072453-E085727.019286.V07A.nc,/storage/GR_DPR_3D/GRToDPRRes_V07_Pct_V1.2.1_sw_260412/2A.GPM.DPR.V9-20211125.20170721-S072453-E085727.019286.V07A.nc,117942289,2017-07-21,2017-07-21T07:53:37,2017-07-21T07:58:54,019286,453,49,60,23,"z,p,t,q,lat,lon,dbz_gr_sparse,dbz_gr_sparse_min,dbz_gr_sparse_max,dbz_gr_interp,sw_gr_sparse,sw_gr_sparse_min,sw_gr_sparse_max,dbz_dpr,pre_dpr,cfb,scan_id,time,nsrr_dpr,srr_dpr,binRealSurface,typePrecip,flagPrecip",,True,True,True,19.260507583618164,38.31454086303711,114.55474090576172,126.93734741210938,1331820,14940,0.011217732125962969,44214,0.033198179934225344,4200,4984,17408,0.01307083539817693,1322575,9245,1305167,17408,0.9868377974784038,1197253,1182364,14889,5169,5169,12239,29274,0.7250000238418579,3.5949997901916504,4.520000290870667,8.75,21.18000030517578,6558,724,116,1,0,21340,190,349,318,22197,0,134567,True,0,0,ok,0,,val
2A.GPM.DPR.V9-20211125.20170721-S164023-E181257.019292.V07A,2A.GPM.DPR.V9-20211125.20170721-S164023-E181257.019292.V07A.nc,/storage/GR_DPR_3D/GRToDPRRes_V07_Pct_V1.2.1_sw_260412/2A.GPM.DPR.V9-20211125.20170721-S164023-E181257.019292.V07A.nc,96337057,2017-07-21,2017-07-21T17:37:57,2017-07-21T17:42:15,019292,370,49,60,23,"z,p,t,q,lat,lon,dbz_gr_sparse,dbz_gr_sparse_min,dbz_gr_sparse_max,dbz_gr_interp,sw_gr_sparse,sw_gr_sparse_min,sw_gr_sparse_max,dbz_dpr,pre_dpr,cfb,scan_id,time,nsrr_dpr,srr_dpr,binRealSurface,typePrecip,flagPrecip",,True,True,True,26.05040168762207,41.66379165649414,113.19738006591797,124.78424835205078,1087800,18993,0.017460011031439602,42351,0.038932708218422506,6585,6804,11371,0.010453208310351167,1077985,9815,1066614,11371,0.9894516157460447,978333,968953,9380,6522,6522,4849,23358,0.6000000238418579,2.0950000286102295,3.715000033378601,11.453000545501702,26.309999465942383,3015,424,148,20,0,17638,144,192,156,18130,0,109467,True,0,0,ok,0,,val
2A.GPM.DPR.V9-20211125.20170729-S051231-E064505.019409.V07A,2A.GPM.DPR.V9-20211125.20170729-S051231-E064505.019409.V07A.nc,/storage/GR_DPR_3D/GRToDPRRes_V07_Pct_V1.2.1_sw_260412/2A.GPM.DPR.V9-20211125.20170729-S051231-E064505.019409.V07A.nc,144232993,2017-07-29,2017-07-29T05:41:03,2017-07-29T05:47:30,019409,554,49,60,23,"z,p,t,q,lat,lon,dbz_gr_sparse,dbz_gr_sparse_min,dbz_gr_sparse_max,dbz_gr_interp,sw_gr_sparse,sw_gr_sparse_min,sw_gr_sparse_max,dbz_dpr,pre_dpr,cfb,scan_id,time,nsrr_dpr,srr_dpr,binRealSurface,typePrecip,flagPrecip",,True,True,True,18.527273178100586,41.504146575927734,112.63644409179688,127.78606414794922,1628760,16489,0.010123652349026253,40359,0.024778972961025564,5339,6042,22185,0.013620791276799528,1613305,15455,1591120,22185,0.9862487254424923,1460746,1442018,18728,4168,4168,18017,23870,0.5349999666213989,3.1500000953674316,5.914999961853027,19.28680038452147,299.6400146484375,6705,1377,600,215,48,25835,440,345,526,27146,0,168014,True,0,0,ok,0,,val
2A.GPM.DPR.V9-20211125.20170729-S142800-E160034.019415.V07A,2A.GPM.DPR.V9-20211125.20170729-S142800-E160034.019415.V07A.nc,/storage/GR_DPR_3D/GRToDPRRes_V07_Pct_V1.2.1_sw_260412/2A.GPM.DPR.V9-20211125.20170729-S142800-E160034.019415.V07A.nc,99721009,2017-07-29,2017-07-29T15:25:44,2017-07-29T15:30:12,019415,383,49,60,23,"z,p,t,q,lat,lon,dbz_gr_sparse,dbz_gr_sparse_min,dbz_gr_sparse_max,dbz_gr_interp,sw_gr_sparse,sw_gr_sparse_min,sw_gr_sparse_max,dbz_dpr,pre_dpr,cfb,scan_id,time,nsrr_dpr,srr_dpr,binRealSurface,typePrecip,flagPrecip",,True,True,True,24.914907455444336,41.07733154296875,112.08651733398438,123.78196716308594,1126020,28173,0.02501998188309266,67804,0.060215626720662156,6057,6660,38922,0.034565993499227364,1113043,12977,1074121,38922,0.9650310005992581,1009337,978331,31006,14642,14642,24280,39631,0.6499999761581421,3.640000104904175,6.359999656677246,19.645799922943134,299.3599853515625,13916,2656,1071,373,120,17032,900,596,239,18767,0,116683,True,0,0,ok,0,,val
2A.GPM.DPR.V9-20211125.20170804-S030953-E044227.019501.V07A,2A.GPM.DPR.V9-20211125.20170804-S030953-E044227.019501.V07A.nc,/storage/GR_DPR_3D/GRToDPRRes_V07_Pct_V1.2.1_sw_260412/2A.GPM.DPR.V9-20211125.20170804-S030953-E044227.019501.V07A.nc,63538753,2017-08-04,2017-08-04T03:39:08,2017-08-04T03:41:59,019501,244,49,60,23,"z,p,t,q,lat,lon,dbz_gr_sparse,dbz_gr_sparse_min,dbz_gr_sparse_max,dbz_gr_interp,sw_gr_sparse,sw_gr_sparse_min,sw_gr_sparse_max,dbz_dpr,pre_dpr,cfb,scan_id,time,nsrr_dpr,srr_dpr,binRealSurface,typePrecip,flagPrecip",,True,True,True,21.077913284301758,31.931549072265625,118.57019805908203,125.86540985107422,717360,793,0.0011054421768707484,4843,0.006751143080182893,549,369,1260,0.001756440281030445,712807,4553,711547,1260,0.9982323405914925,645153,644388,765,0,0,1260,4050,0.8899999856948853,2.4415000438690204,3.1009999036788933,4.097050118446351,5.875,533,2,0,0,0,11867,19,70,0,11956,0,72207,True,0,0,ok,0,,val
2A.GPM.DPR.V9-20211125.20170804-S122521-E135755.019507.V07A,2A.GPM.DPR.V9-20211125.20170804-S122521-E135755.019507.V07A.nc,/storage/GR_DPR_3D/GRToDPRRes_V07_Pct_V1.2.1_sw_260412/2A.GPM.DPR.V9-20211125.20170804-S122521-E135755.019507.V07A.nc,83842465,2017-08-04,2017-08-04T13:22:33,2017-08-04T13:26:18,019507,322,49,60,23,"z,p,t,q,lat,lon,dbz_gr_sparse,dbz_gr_sparse_min,dbz_gr_sparse_max,dbz_gr_interp,sw_gr_sparse,sw_gr_sparse_min,sw_gr_sparse_max,dbz_dpr,pre_dpr,cfb,scan_id,time,nsrr_dpr,srr_dpr,binRealSurface,typePrecip,flagPrecip",,True,True,True,29.168004989624023,42.746849060058594,115.3703842163086,126.28531646728516,946680,14924,0.015764566696243716,36390,0.03843959944226138,3752,4566,10403,0.010988929733384037,937736,8944,927333,10403,0.9889062593309844,850179,841074,9105,5105,5105,5298,21466,0.6600000262260437,2.3439998626709038,3.9685000181198067,13.489099769592265,110.61000061035156,3154,433,187,45,19,15273,140,155,210,15778,0,96501,True,0,0,ok,0,,val
2A.GPM.DPR.V9-20211125.20170804-S135756-E153030.019508.V07A,2A.GPM.DPR.V9-20211125.20170804-S135756-E153030.019508.V07A.nc,/storage/GR_DPR_3D/GRToDPRRes_V07_Pct_V1.2.1_sw_260412/2A.GPM.DPR.V9-20211125.20170804-S135756-E153030.019508.V07A.nc,52085377,2017-08-04,2017-08-04T15:00:17,2017-08-04T15:02:36,019508,200,49,60,23,"z,p,t,q,lat,lon,dbz_gr_sparse,dbz_gr_sparse_min,dbz_gr_sparse_max,dbz_gr_interp,sw_gr_sparse,sw_gr_sparse_min,sw_gr_sparse_max,dbz_dpr,pre_dpr,cfb,scan_id,time,nsrr_dpr,srr_dpr,binRealSurface,typePrecip,flagPrecip",,True,True,True,16.3485164642334,25.415794372558594,103.15132904052734,109.10050964355469,588000,2376,0.0040408163265306125,17788,0.03025170068027211,663,192,37014,0.06294897959183673,573703,14297,536689,37014,0.9354822965890016,518348,488953,29395,1794,1794,35220,15412,0.7400000095367432,4.229999542236328,6.984999823570251,17.52935054779054,110.1050033569336,14923,2942,1021,271,45,8203,953,474,170,9800,0,69652,True,0,0,ok,0,,val
2A.GPM.DPR.V9-20211125.20170805-S035108-E052342.019517.V07A,2A.GPM.DPR.V9-20211125.20170805-S035108-E052342.019517.V07A.nc,/storage/GR_DPR_3D/GRToDPRRes_V07_Pct_V1.2.1_sw_260412/2A.GPM.DPR.V9-20211125.20170805-S035108-E052342.019517.V07A.nc,135642961,2017-08-05,2017-08-05T04:20:36,2017-08-05T04:26:40,019517,521,49,60,23,"z,p,t,q,lat,lon,dbz_gr_sparse,dbz_gr_sparse_min,dbz_gr_sparse_max,dbz_gr_interp,sw_gr_sparse,sw_gr_sparse_min,sw_gr_sparse_max,dbz_dpr,pre_dpr,cfb,scan_id,time,nsrr_dpr,srr_dpr,binRealSurface,typePrecip,flagPrecip",,True,True,True,21.802114486694336,43.38126754760742,104.08589172363281,119.21128845214844,1531740,14863,0.009703343909540784,65287,0.0426227688772246,4492,2802,60785,0.039683627769725935,1457548,74192,1396763,60785,0.958296399158038,1306193,1258269,47924,7812,7812,52973,50424,0.800000011920929,4.157999992370598,7.260000228881836,23.371600875854455,117.2249984741211,25380,4914,2082,805,112,22727,1602,880,320,25529,0,225547,True,0,0,ok,0,,val
2A.GPM.DPR.V9-20211125.20170805-S130637-E143910.019523.V07A,2A.GPM.DPR.V9-20211125.20170805-S130637-E143910.019523.V07A.nc,/storage/GR_DPR_3D/GRToDPRRes_V07_Pct_V1.2.1_sw_260412/2A.GPM.DPR.V9-20211125.20170805-S130637-E143910.019523.V07A.nc,85143985,2017-08-05,2017-08-05T14:06:26,2017-08-05T14:10:14,019523,327,49,60,23,"z,p,t,q,lat,lon,dbz_gr_sparse,dbz_gr_sparse_min,dbz_gr_sparse_max,dbz_gr_interp,sw_gr_sparse,sw_gr_sparse_min,sw_gr_sparse_max,dbz_dpr,pre_dpr,cfb,scan_id,time,nsrr_dpr,srr_dpr,binRealSurface,typePrecip,flagPrecip",,True,True,True,19.944414138793945,34.03566360473633,106.89599609375,116.09794616699219,961380,9700,0.010089662776425555,32497,0.03380245064386611,3462,4321,7217,0.007506917139944663,936088,25292,928871,7217,0.9922902547623728,840390,835020,5370,1714,1714,5503,22797,0.4699999988079071,1.649999976158142,2.261000156402587,5.0263999557495245,14.329999923706055,1611,73,20,0,0,15616,223,90,94,16023,0,120990,True,0,0,ok,0,,val
2A.GPM.DPR.V9-20211125.20170809-S015822-E033055.019578.V07A,2A.GPM.DPR.V9-20211125.20170809-S015822-E033055.019578.V07A.nc,/storage/GR_DPR_3D/GRToDPRRes_V07_Pct_V1.2.1_sw_260412/2A.GPM.DPR.V9-20211125.20170809-S015822-E033055.019578.V07A.nc,125230801,2017-08-09,2017-08-09T02:27:08,2017-08-09T02:32:44,019578,481,49,60,23,"z,p,t,q,lat,lon,dbz_gr_sparse,dbz_gr_sparse_min,dbz_gr_sparse_max,dbz_gr_interp,sw_gr_sparse,sw_gr_sparse_min,sw_gr_sparse_max,dbz_dpr,pre_dpr,cfb,scan_id,time,nsrr_dpr,srr_dpr,binRealSurface,typePrecip,flagPrecip",,True,True,True,19.402076721191406,39.604061126708984,113.96780395507812,127.1490478515625,1414140,50599,0.03578075720932864,92820,0.06563706563706563,5769,9438,72304,0.051129308272165414,1401760,12380,1329456,72304,0.9484191302362744,1269294,1210655,58639,37409,37409,34895,42221,0.48000001907348633,2.9850001335144043,5.275000023841858,17.30500030517578,115.5050048828125,18596,4039,1519,471,95,20357,2176,562,474,23569,0,144846,True,0,0,ok,0,,val
2A.GPM.DPR.V9-20211125.20170809-S111349-E124623.019584.V07A,2A.GPM.DPR.V9-20211125.20170809-S111349-E124623.019584.V07A.nc,/storage/GR_DPR_3D/GRToDPRRes_V07_Pct_V1.2.1_sw_260412/2A.GPM.DPR.V9-20211125.20170809-S111349-E124623.019584.V07A.nc,97117969,2017-08-09,2017-08-09T12:11:26,2017-08-09T12:15:46,019584,373,49,60,23,"z,p,t,q,lat,lon,dbz_gr_sparse,dbz_gr_sparse_min,dbz_gr_sparse_max,dbz_gr_interp,sw_gr_sparse,sw_gr_sparse_min,sw_gr_sparse_max,dbz_dpr,pre_dpr,cfb,scan_id,time,nsrr_dpr,srr_dpr,binRealSurface,typePrecip,flagPrecip",,True,True,True,25.712594985961914,41.38431930541992,112.67212677001953,124.30435180664062,1096620,37071,0.033804781966405864,77165,0.07036621619157046,8736,11474,28193,0.02570899673542339,1085545,11075,1057352,28193,0.9740287136875947,984772,960946,23826,14567,14567,13626,40094,0.6749999523162842,3.6750001430511476,6.409999847412109,16.860000610351562,61.65999984741211,10169,2015,762,208,16,17016,561,272,428,18277,0,111848,True,0,0,ok,0,,val
2A.GPM.DPR.V9-20211125.20170810-S023925-E041157.019594.V07A,2A.GPM.DPR.V9-20211125.20170810-S023925-E041157.019594.V07A.nc,/storage/GR_DPR_3D/GRToDPRRes_V07_Pct_V1.2.1_sw_260412/2A.GPM.DPR.V9-20211125.20170810-S023925-E041157.019594.V07A.nc,52345681,2017-08-10,2017-08-10T03:10:29,2017-08-10T03:12:49,019594,201,49,60,23,"z,p,t,q,lat,lon,dbz_gr_sparse,dbz_gr_sparse_min,dbz_gr_sparse_max,dbz_gr_interp,sw_gr_sparse,sw_gr_sparse_min,sw_gr_sparse_max,dbz_dpr,pre_dpr,cfb,scan_id,time,nsrr_dpr,srr_dpr,binRealSurface,typePrecip,flagPrecip",,True,True,True,27.34926414489746,36.398738861083984,103.09334564208984,110.08560943603516,590940,1868,0.003161065421193353,13619,0.023046332961045114,963,759,621,0.0010508681084374048,562773,28167,562152,621,0.9988965355480807,505092,504527,565,242,242,379,11751,0.28999999165534973,0.550000011920929,0.6150000095367432,0.7200000286102295,0.8999999761581421,0,0,0,0,0,9783,10,2,54,9849,0,85848,True,0,0,ok,0,,val
2A.GPM.DPR.V9-20211125.20170810-S102212-E115444.019599.V07A,2A.GPM.DPR.V9-20211125.20170810-S102212-E115444.019599.V07A.nc,/storage/GR_DPR_3D/GRToDPRRes_V07_Pct_V1.2.1_sw_260412/2A.GPM.DPR.V9-20211125.20170810-S102212-E115444.019599.V07A.nc,44796319,2017-08-10,2017-08-10T11:19:05,2017-08-10T11:21:04,019599,172,49,60,23,"z,p,t,q,lat,lon,dbz_gr_sparse,dbz_gr_sparse_min,dbz_gr_sparse_max,dbz_gr_interp,sw_gr_sparse,sw_gr_sparse_min,sw_gr_sparse_max,dbz_dpr,pre_dpr,cfb,scan_id,time,nsrr_dpr,srr_dpr,binRealSurface,typePrecip,flagPrecip",,True,True,True,36.01585388183594,43.71290588378906,119.3858871459961,126.92005157470703,505680,812,0.0016057585825027686,7188,0.01421452301850973,439,224,3586,0.007091441227653852,502392,3288,498806,3586,0.992862147486425,456844,454114,2730,80,80,3506,6376,0.7599999904632568,7.079999923706055,11.163750171661377,26.901249885559096,37.87999725341797,1537,516,207,61,0,8246,69,57,56,8428,0,48836,True,0,0,ok,0,,val
2A.GPM.DPR.V9-20211125.20170810-S115445-E132717.019600.V07A,2A.GPM.DPR.V9-20211125.20170810-S115445-E132717.019600.V07A.nc,/storage/GR_DPR_3D/GRToDPRRes_V07_Pct_V1.2.1_sw_260412/2A.GPM.DPR.V9-20211125.20170810-S115445-E132717.019600.V07A.nc,81760033,2017-08-10,2017-08-10T12:55:13,2017-08-10T12:58:52,019600,314,49,60,23,"z,p,t,q,lat,lon,dbz_gr_sparse,dbz_gr_sparse_min,dbz_gr_sparse_max,dbz_gr_interp,sw_gr_sparse,sw_gr_sparse_min,sw_gr_sparse_max,dbz_dpr,pre_dpr,cfb,scan_id,time,nsrr_dpr,srr_dpr,binRealSurface,typePrecip,flagPrecip",,True,True,True,18.202016830444336,31.820344924926758,104.50741577148438,113.13858032226562,923160,19983,0.021646301832835044,65951,0.0714404870228346,5004,4655,53112,0.057532822046015855,903396,19764,850284,53112,0.941208506568548,815713,771156,44557,9252,9252,43860,45968,0.4699999988079071,4.069999694824219,9.069999694824219,46.00890190124511,299.7799987792969,15617,4390,2471,1335,439,12819,1096,365,1106,15386,0,107447,True,0,0,ok,0,,val
2A.GPM.DPR.V9-20211125.20170811-S014745-E032017.019609.V07A,2A.GPM.DPR.V9-20211125.20170811-S014745-E032017.019609.V07A.nc,/storage/GR_DPR_3D/GRToDPRRes_V07_Pct_V1.2.1_sw_260412/2A.GPM.DPR.V9-20211125.20170811-S014745-E032017.019609.V07A.nc,165838225,2017-08-11,2017-08-11T02:15:50,2017-08-11T02:23:15,019609,637,49,60,23,"z,p,t,q,lat,lon,dbz_gr_sparse,dbz_gr_sparse_min,dbz_gr_sparse_max,dbz_gr_interp,sw_gr_sparse,sw_gr_sparse_min,sw_gr_sparse_max,dbz_dpr,pre_dpr,cfb,scan_id,time,nsrr_dpr,srr_dpr,binRealSurface,typePrecip,flagPrecip",,True,True,True,17.040512084960938,43.334293365478516,106.82339477539062,124.07833099365234,1872780,28681,0.015314665897756277,81328,0.04342635013188949,8171,7952,37359,0.019948418928010764,1861258,11522,1823899,37359,0.979928091645543,1689805,1661059,28746,13686,13686,23673,52647,0.5550000071525574,3.5,5.690500020980828,14.067100181579582,61.470001220703125,12630,2255,723,171,12,29184,925,587,517,31213,0,182975,True,0,0,ok,0,,val
2A.GPM.DPR.V9-20211125.20170811-S110304-E123537.019615.V07A,2A.GPM.DPR.V9-20211125.20170811-S110304-E123537.019615.V07A.nc,/storage/GR_DPR_3D/GRToDPRRes_V07_Pct_V1.2.1_sw_260412/2A.GPM.DPR.V9-20211125.20170811-S110304-E123537.019615.V07A.nc,91651585,2017-08-11,2017-08-11T12:02:04,2017-08-11T12:06:10,019615,352,49,60,23,"z,p,t,q,lat,lon,dbz_gr_sparse,dbz_gr_sparse_min,dbz_gr_sparse_max,dbz_gr_interp,sw_gr_sparse,sw_gr_sparse_min,sw_gr_sparse_max,dbz_dpr,pre_dpr,cfb,scan_id,time,nsrr_dpr,srr_dpr,binRealSurface,typePrecip,flagPrecip",,True,True,True,21.78148078918457,36.801517486572266,110.02560424804688,120.1818618774414,1034880,59498,0.05749265615337044,132910,0.12843034941249226,7728,8879,84271,0.08143069727891157,1019242,15638,934971,84271,0.9173199299086968,921765,853182,68583,39622,39622,44649,73412,0.5600000023841858,3.940000057220459,6.914999961853027,26.880001068115234,174.91000366210938,27305,6312,2800,1163,328,13722,2190,589,747,17248,0,113115,True,0,0,ok,0,,val
2A.GPM.DPR.V9-20211125.20170812-S005604-E022836.019624.V07A,2A.GPM.DPR.V9-20211125.20170812-S005604-E022836.019624.V07A.nc,/storage/GR_DPR_3D/GRToDPRRes_V07_Pct_V1.2.1_sw_260412/2A.GPM.DPR.V9-20211125.20170812-S005604-E022836.019624.V07A.nc,78115777,2017-08-12,2017-08-12T01:25:02,2017-08-12T01:28:31,019624,300,49,60,23,"z,p,t,q,lat,lon,dbz_gr_sparse,dbz_gr_sparse_min,dbz_gr_sparse_max,dbz_gr_interp,sw_gr_sparse,sw_gr_sparse_min,sw_gr_sparse_max,dbz_dpr,pre_dpr,cfb,scan_id,time,nsrr_dpr,srr_dpr,binRealSurface,typePrecip,flagPrecip",,True,True,True,20.08899688720703,33.18607711791992,116.88400268554688,125.39276123046875,882000,6409,0.007266439909297052,16247,0.01842063492063492,1586,2251,7104,0.008054421768707482,880059,1941,872955,7104,0.9919278139306569,798814,793696,5118,2877,2877,4227,9838,0.2800000011920929,0.6850000023841858,0.9200000166893005,1.6549999713897705,4.680000305175781,285,0,0,0,0,14321,255,13,111,14700,0,83186,True,0,0,ok,0,,val
2A.GPM.DPR.V9-20211125.20170812-S101124-E114356.019630.V07A,2A.GPM.DPR.V9-20211125.20170812-S101124-E114356.019630.V07A.nc,/storage/GR_DPR_3D/GRToDPRRes_V07_Pct_V1.2.1_sw_260412/2A.GPM.DPR.V9-20211125.20170812-S101124-E114356.019630.V07A.nc,91651585,2017-08-12,2017-08-12T11:08:42,2017-08-12T11:12:48,019630,352,49,60,23,"z,p,t,q,lat,lon,dbz_gr_sparse,dbz_gr_sparse_min,dbz_gr_sparse_max,dbz_gr_interp,sw_gr_sparse,sw_gr_sparse_min,sw_gr_sparse_max,dbz_dpr,pre_dpr,cfb,scan_id,time,nsrr_dpr,srr_dpr,binRealSurface,typePrecip,flagPrecip",,True,True,True,27.54901123046875,42.33736801147461,114.5262222290039,125.97349548339844,1034880,46843,0.04526418521954236,124404,0.12021103896103896,7263,6506,112045,0.1082685915275201,1026848,8032,914803,112045,0.8908845320826452,932611,842295,90316,34967,34967,77078,77561,0.75,5.079999923706055,8.975000381469727,25.424999237060547,145.69000244140625,45737,11380,4873,1740,241,12229,3252,1089,678,17248,0,102269,True,0,0,ok,0,,val
2A.GPM.DPR.V9-20211125.20170812-S114357-E131629.019631.V07A,2A.GPM.DPR.V9-20211125.20170812-S114357-E131629.019631.V07A.nc,/storage/GR_DPR_3D/GRToDPRRes_V07_Pct_V1.2.1_sw_260412/2A.GPM.DPR.V9-20211125.20170812-S114357-E131629.019631.V07A.nc,52085377,2017-08-12,2017-08-12T12:46:23,2017-08-12T12:48:43,019631,200,49,60,23,"z,p,t,q,lat,lon,dbz_gr_sparse,dbz_gr_sparse_min,dbz_gr_sparse_max,dbz_gr_interp,sw_gr_sparse,sw_gr_sparse_min,sw_gr_sparse_max,dbz_dpr,pre_dpr,cfb,scan_id,time,nsrr_dpr,srr_dpr,binRealSurface,typePrecip,flagPrecip",,True,True,True,15.937352180480957,25.006855010986328,102.17655181884766,108.08993530273438,588000,247,0.0004200680272108844,2633,0.004477891156462585,127,29,8758,0.014894557823129252,567823,20177,559065,8758,0.9845761795489087,509933,503497,6436,182,182,8576,2386,0.48500001430511475,1.3600000143051147,1.6749999523162842,2.762149937152864,11.0,1691,24,11,0,0,9392,307,37,64,9800,0,78067,True,0,0,ok,0,,val
2A.GPM.DPR.V9-20211125.20170814-S004515-E021747.019655.V07A,2A.GPM.DPR.V9-20211125.20170814-S004515-E021747.019655.V07A.nc,/storage/GR_DPR_3D/GRToDPRRes_V07_Pct_V1.2.1_sw_260412/2A.GPM.DPR.V9-20211125.20170814-S004515-E021747.019655.V07A.nc,165838225,2017-08-14,2017-08-14T01:13:02,2017-08-14T01:20:28,019655,637,49,60,23,"z,p,t,q,lat,lon,dbz_gr_sparse,dbz_gr_sparse_min,dbz_gr_sparse_max,dbz_gr_interp,sw_gr_sparse,sw_gr_sparse_min,sw_gr_sparse_max,dbz_dpr,pre_dpr,cfb,scan_id,time,nsrr_dpr,srr_dpr,binRealSurface,typePrecip,flagPrecip",,True,True,True,15.972402572631836,42.347633361816406,109.00695037841797,125.8861083984375,1872780,33870,0.018085413129144908,84020,0.04486378538856673,7685,8285,40990,0.0218872478347697,1862088,10692,1821098,40990,0.9779870768728438,1689652,1658627,31025,17868,17868,23122,50150,0.7200000286102295,3.630000114440918,5.512750291824319,16.415550823211674,91.97000122070312,16036,2440,776,293,33,29100,1136,732,245,31213,0,183128,True,0,0,ok,0,,val
2A.GPM.DPR.V9-20211125.20170814-S100035-E113307.019661.V07A,2A.GPM.DPR.V9-20211125.20170814-S100035-E113307.019661.V07A.nc,/storage/GR_DPR_3D/GRToDPRRes_V07_Pct_V1.2.1_sw_260412/2A.GPM.DPR.V9-20211125.20170814-S100035-E113307.019661.V07A.nc,84623377,2017-08-14,2017-08-14T10:59:16,2017-08-14T11:03:03,019661,325,49,60,23,"z,p,t,q,lat,lon,dbz_gr_sparse,dbz_gr_sparse_min,dbz_gr_sparse_max,dbz_gr_interp,sw_gr_sparse,sw_gr_sparse_min,sw_gr_sparse_max,dbz_dpr,pre_dpr,cfb,scan_id,time,nsrr_dpr,srr_dpr,binRealSurface,typePrecip,flagPrecip",,True,True,True,23.903076171875,37.80133819580078,111.97968292236328,121.80770874023438,955500,31428,0.03289167974882261,83892,0.08779905808477237,6445,5976,42542,0.04452328623757195,943148,12352,900606,42542,0.9548936116070861,853085,818437,34648,18251,18251,24291,52464,0.690000057220459,4.014499902725227,6.994999885559082,30.287699737548724,144.30499267578125,15976,3262,1347,616,157,14198,963,460,304,15925,0,102415,True,0,0,ok,0,,val
